ISO-10303-21;
HEADER;
/* Generated by software containing ST-Developer
 * from STEP Tools, Inc. (www.steptools.com) 
 */
/* OPTION: using custom renumber hook */

FILE_DESCRIPTION(
/* description */ ('STEP AP242 Edition 2',
'CAx-IF Rec.Pracs.---Representation and Presentation of Product Manufa
cturing Information (PMI)---4.0---2014-10-13',
'CAx-IF Rec.Pracs.---3D Tessellated Geometry---0.4---2014-09-14','2;1',
'CAx-IF Rec.Pracs.---User Defined Attributes---1.5---2016-08-15'),
/* implementation_level */ '2;1');

FILE_NAME(
/* name */ 'Top - Part 1',
/* time_stamp */ '2026-08-15T11:23:18Z',
/* author */ (''),
/* organization */ (''),
/* preprocessor_version */ 'ST-DEVELOPER v20',
/* originating_system */ 'ONSHAPE BY PTC INC, 1.219',
/* authorisation */ '  ');

FILE_SCHEMA (('AP242_MANAGED_MODEL_BASED_3D_ENGINEERING_MIM_LF { 1 0 10303 442 3 1 4 }'));
ENDSEC;

DATA;
#10=SHAPE_REPRESENTATION_RELATIONSHIP('','',#1549,#11);
#11=ADVANCED_BREP_SHAPE_REPRESENTATION('',(#1547),#2609);
#12=SPHERICAL_SURFACE('',#1676,0.0025);
#13=SPHERICAL_SURFACE('',#1683,0.0025);
#14=SPHERICAL_SURFACE('',#1685,0.0025);
#15=SPHERICAL_SURFACE('',#1691,0.0025);
#16=CIRCLE('',#1558,0.0005);
#17=CIRCLE('',#1559,0.0005);
#18=CIRCLE('',#1562,0.0005);
#19=CIRCLE('',#1563,0.0005);
#20=CIRCLE('',#1566,0.0005);
#21=CIRCLE('',#1567,0.0005);
#22=CIRCLE('',#1570,0.0005);
#23=CIRCLE('',#1571,0.0005);
#24=CIRCLE('',#1573,0.0005);
#25=CIRCLE('',#1574,0.0005);
#26=CIRCLE('',#1577,0.0005);
#27=CIRCLE('',#1578,0.0005);
#28=CIRCLE('',#1581,0.0005);
#29=CIRCLE('',#1582,0.0005);
#30=CIRCLE('',#1585,0.0005);
#31=CIRCLE('',#1586,0.0005);
#32=CIRCLE('',#1588,0.0005);
#33=CIRCLE('',#1589,0.0005);
#34=CIRCLE('',#1592,0.0005);
#35=CIRCLE('',#1593,0.0005);
#36=CIRCLE('',#1596,0.0005);
#37=CIRCLE('',#1597,0.0005);
#38=CIRCLE('',#1600,0.0005);
#39=CIRCLE('',#1601,0.0005);
#40=CIRCLE('',#1603,0.0005);
#41=CIRCLE('',#1604,0.0005);
#42=CIRCLE('',#1607,0.0005);
#43=CIRCLE('',#1608,0.0005);
#44=CIRCLE('',#1611,0.0005);
#45=CIRCLE('',#1612,0.0005);
#46=CIRCLE('',#1615,0.0005);
#47=CIRCLE('',#1616,0.0005);
#48=CIRCLE('',#1618,0.0005);
#49=CIRCLE('',#1619,0.0005);
#50=CIRCLE('',#1622,0.0005);
#51=CIRCLE('',#1623,0.0005);
#52=CIRCLE('',#1626,0.0005);
#53=CIRCLE('',#1627,0.0005);
#54=CIRCLE('',#1630,0.0005);
#55=CIRCLE('',#1631,0.0005);
#56=CIRCLE('',#1633,0.0005);
#57=CIRCLE('',#1634,0.0005);
#58=CIRCLE('',#1637,0.0005);
#59=CIRCLE('',#1638,0.0005);
#60=CIRCLE('',#1641,0.0005);
#61=CIRCLE('',#1642,0.0005);
#62=CIRCLE('',#1645,0.0005);
#63=CIRCLE('',#1646,0.0005);
#64=CIRCLE('',#1648,0.00365);
#65=CIRCLE('',#1649,0.00365);
#66=CIRCLE('',#1660,0.0023);
#67=CIRCLE('',#1661,0.0023);
#68=CIRCLE('',#1662,0.0023);
#69=CIRCLE('',#1663,0.0023);
#70=CIRCLE('',#1664,0.0025);
#71=CIRCLE('',#1665,0.0025);
#72=CIRCLE('',#1666,0.0025);
#73=CIRCLE('',#1667,0.0025);
#74=CIRCLE('',#1669,0.0025);
#75=CIRCLE('',#1671,0.0025);
#76=CIRCLE('',#1673,0.0025);
#77=CIRCLE('',#1675,0.0025);
#78=CIRCLE('',#1677,0.0025);
#79=CIRCLE('',#1678,0.0025);
#80=CIRCLE('',#1680,0.0025);
#81=CIRCLE('',#1682,0.0025);
#82=CIRCLE('',#1684,0.0025);
#83=CIRCLE('',#1686,0.0025);
#84=CIRCLE('',#1688,0.0025);
#85=CIRCLE('',#1690,0.0025);
#86=CIRCLE('',#1693,0.0023);
#87=CIRCLE('',#1696,0.0023);
#88=CIRCLE('',#1699,0.0023);
#89=CIRCLE('',#1702,0.0023);
#90=CYLINDRICAL_SURFACE('',#1557,0.0005);
#91=CYLINDRICAL_SURFACE('',#1561,0.0005);
#92=CYLINDRICAL_SURFACE('',#1565,0.0005);
#93=CYLINDRICAL_SURFACE('',#1569,0.0005);
#94=CYLINDRICAL_SURFACE('',#1572,0.0005);
#95=CYLINDRICAL_SURFACE('',#1576,0.0005);
#96=CYLINDRICAL_SURFACE('',#1580,0.0005);
#97=CYLINDRICAL_SURFACE('',#1584,0.0005);
#98=CYLINDRICAL_SURFACE('',#1587,0.0005);
#99=CYLINDRICAL_SURFACE('',#1591,0.0005);
#100=CYLINDRICAL_SURFACE('',#1595,0.0005);
#101=CYLINDRICAL_SURFACE('',#1599,0.0005);
#102=CYLINDRICAL_SURFACE('',#1602,0.0005);
#103=CYLINDRICAL_SURFACE('',#1606,0.0005);
#104=CYLINDRICAL_SURFACE('',#1610,0.0005);
#105=CYLINDRICAL_SURFACE('',#1614,0.0005);
#106=CYLINDRICAL_SURFACE('',#1617,0.0005);
#107=CYLINDRICAL_SURFACE('',#1621,0.0005);
#108=CYLINDRICAL_SURFACE('',#1625,0.0005);
#109=CYLINDRICAL_SURFACE('',#1629,0.0005);
#110=CYLINDRICAL_SURFACE('',#1632,0.0005);
#111=CYLINDRICAL_SURFACE('',#1636,0.0005);
#112=CYLINDRICAL_SURFACE('',#1640,0.0005);
#113=CYLINDRICAL_SURFACE('',#1644,0.0005);
#114=CYLINDRICAL_SURFACE('',#1647,0.00365);
#115=CYLINDRICAL_SURFACE('',#1668,0.0025);
#116=CYLINDRICAL_SURFACE('',#1670,0.0025);
#117=CYLINDRICAL_SURFACE('',#1672,0.0025);
#118=CYLINDRICAL_SURFACE('',#1674,0.0025);
#119=CYLINDRICAL_SURFACE('',#1679,0.0025);
#120=CYLINDRICAL_SURFACE('',#1681,0.0025);
#121=CYLINDRICAL_SURFACE('',#1687,0.0025);
#122=CYLINDRICAL_SURFACE('',#1689,0.0025);
#123=CYLINDRICAL_SURFACE('',#1692,0.0023);
#124=CYLINDRICAL_SURFACE('',#1695,0.0023);
#125=CYLINDRICAL_SURFACE('',#1698,0.0023);
#126=CYLINDRICAL_SURFACE('',#1701,0.0023);
#127=ORIENTED_EDGE('',*,*,#555,.T.);
#128=ORIENTED_EDGE('',*,*,#556,.T.);
#129=ORIENTED_EDGE('',*,*,#557,.T.);
#130=ORIENTED_EDGE('',*,*,#558,.F.);
#131=ORIENTED_EDGE('',*,*,#559,.T.);
#132=ORIENTED_EDGE('',*,*,#560,.T.);
#133=ORIENTED_EDGE('',*,*,#561,.T.);
#134=ORIENTED_EDGE('',*,*,#562,.T.);
#135=ORIENTED_EDGE('',*,*,#563,.T.);
#136=ORIENTED_EDGE('',*,*,#564,.T.);
#137=ORIENTED_EDGE('',*,*,#565,.T.);
#138=ORIENTED_EDGE('',*,*,#566,.T.);
#139=ORIENTED_EDGE('',*,*,#567,.F.);
#140=ORIENTED_EDGE('',*,*,#568,.F.);
#141=ORIENTED_EDGE('',*,*,#569,.T.);
#142=ORIENTED_EDGE('',*,*,#570,.T.);
#143=ORIENTED_EDGE('',*,*,#568,.T.);
#144=ORIENTED_EDGE('',*,*,#571,.T.);
#145=ORIENTED_EDGE('',*,*,#572,.F.);
#146=ORIENTED_EDGE('',*,*,#573,.F.);
#147=ORIENTED_EDGE('',*,*,#572,.T.);
#148=ORIENTED_EDGE('',*,*,#574,.T.);
#149=ORIENTED_EDGE('',*,*,#575,.F.);
#150=ORIENTED_EDGE('',*,*,#576,.F.);
#151=ORIENTED_EDGE('',*,*,#577,.F.);
#152=ORIENTED_EDGE('',*,*,#578,.F.);
#153=ORIENTED_EDGE('',*,*,#579,.T.);
#154=ORIENTED_EDGE('',*,*,#580,.T.);
#155=ORIENTED_EDGE('',*,*,#578,.T.);
#156=ORIENTED_EDGE('',*,*,#581,.T.);
#157=ORIENTED_EDGE('',*,*,#582,.F.);
#158=ORIENTED_EDGE('',*,*,#583,.F.);
#159=ORIENTED_EDGE('',*,*,#584,.F.);
#160=ORIENTED_EDGE('',*,*,#585,.F.);
#161=ORIENTED_EDGE('',*,*,#586,.T.);
#162=ORIENTED_EDGE('',*,*,#582,.T.);
#163=ORIENTED_EDGE('',*,*,#585,.T.);
#164=ORIENTED_EDGE('',*,*,#587,.T.);
#165=ORIENTED_EDGE('',*,*,#588,.F.);
#166=ORIENTED_EDGE('',*,*,#589,.F.);
#167=ORIENTED_EDGE('',*,*,#590,.F.);
#168=ORIENTED_EDGE('',*,*,#591,.F.);
#169=ORIENTED_EDGE('',*,*,#592,.T.);
#170=ORIENTED_EDGE('',*,*,#588,.T.);
#171=ORIENTED_EDGE('',*,*,#593,.F.);
#172=ORIENTED_EDGE('',*,*,#594,.F.);
#173=ORIENTED_EDGE('',*,*,#595,.T.);
#174=ORIENTED_EDGE('',*,*,#591,.T.);
#175=ORIENTED_EDGE('',*,*,#596,.F.);
#176=ORIENTED_EDGE('',*,*,#597,.F.);
#177=ORIENTED_EDGE('',*,*,#598,.T.);
#178=ORIENTED_EDGE('',*,*,#594,.T.);
#179=ORIENTED_EDGE('',*,*,#599,.F.);
#180=ORIENTED_EDGE('',*,*,#600,.F.);
#181=ORIENTED_EDGE('',*,*,#601,.T.);
#182=ORIENTED_EDGE('',*,*,#602,.T.);
#183=ORIENTED_EDGE('',*,*,#600,.T.);
#184=ORIENTED_EDGE('',*,*,#603,.T.);
#185=ORIENTED_EDGE('',*,*,#604,.F.);
#186=ORIENTED_EDGE('',*,*,#605,.F.);
#187=ORIENTED_EDGE('',*,*,#606,.F.);
#188=ORIENTED_EDGE('',*,*,#607,.F.);
#189=ORIENTED_EDGE('',*,*,#608,.T.);
#190=ORIENTED_EDGE('',*,*,#604,.T.);
#191=ORIENTED_EDGE('',*,*,#607,.T.);
#192=ORIENTED_EDGE('',*,*,#609,.T.);
#193=ORIENTED_EDGE('',*,*,#610,.F.);
#194=ORIENTED_EDGE('',*,*,#611,.F.);
#195=ORIENTED_EDGE('',*,*,#612,.F.);
#196=ORIENTED_EDGE('',*,*,#613,.F.);
#197=ORIENTED_EDGE('',*,*,#614,.T.);
#198=ORIENTED_EDGE('',*,*,#610,.T.);
#199=ORIENTED_EDGE('',*,*,#615,.F.);
#200=ORIENTED_EDGE('',*,*,#616,.F.);
#201=ORIENTED_EDGE('',*,*,#617,.T.);
#202=ORIENTED_EDGE('',*,*,#613,.T.);
#203=ORIENTED_EDGE('',*,*,#618,.F.);
#204=ORIENTED_EDGE('',*,*,#619,.F.);
#205=ORIENTED_EDGE('',*,*,#620,.T.);
#206=ORIENTED_EDGE('',*,*,#616,.T.);
#207=ORIENTED_EDGE('',*,*,#621,.F.);
#208=ORIENTED_EDGE('',*,*,#622,.F.);
#209=ORIENTED_EDGE('',*,*,#623,.T.);
#210=ORIENTED_EDGE('',*,*,#624,.T.);
#211=ORIENTED_EDGE('',*,*,#622,.T.);
#212=ORIENTED_EDGE('',*,*,#625,.T.);
#213=ORIENTED_EDGE('',*,*,#626,.F.);
#214=ORIENTED_EDGE('',*,*,#627,.F.);
#215=ORIENTED_EDGE('',*,*,#628,.F.);
#216=ORIENTED_EDGE('',*,*,#629,.F.);
#217=ORIENTED_EDGE('',*,*,#630,.T.);
#218=ORIENTED_EDGE('',*,*,#626,.T.);
#219=ORIENTED_EDGE('',*,*,#629,.T.);
#220=ORIENTED_EDGE('',*,*,#631,.T.);
#221=ORIENTED_EDGE('',*,*,#632,.F.);
#222=ORIENTED_EDGE('',*,*,#633,.F.);
#223=ORIENTED_EDGE('',*,*,#634,.F.);
#224=ORIENTED_EDGE('',*,*,#635,.F.);
#225=ORIENTED_EDGE('',*,*,#636,.T.);
#226=ORIENTED_EDGE('',*,*,#632,.T.);
#227=ORIENTED_EDGE('',*,*,#637,.F.);
#228=ORIENTED_EDGE('',*,*,#638,.F.);
#229=ORIENTED_EDGE('',*,*,#639,.T.);
#230=ORIENTED_EDGE('',*,*,#635,.T.);
#231=ORIENTED_EDGE('',*,*,#640,.F.);
#232=ORIENTED_EDGE('',*,*,#641,.F.);
#233=ORIENTED_EDGE('',*,*,#642,.T.);
#234=ORIENTED_EDGE('',*,*,#638,.T.);
#235=ORIENTED_EDGE('',*,*,#643,.F.);
#236=ORIENTED_EDGE('',*,*,#644,.F.);
#237=ORIENTED_EDGE('',*,*,#645,.T.);
#238=ORIENTED_EDGE('',*,*,#646,.T.);
#239=ORIENTED_EDGE('',*,*,#644,.T.);
#240=ORIENTED_EDGE('',*,*,#647,.T.);
#241=ORIENTED_EDGE('',*,*,#648,.F.);
#242=ORIENTED_EDGE('',*,*,#649,.F.);
#243=ORIENTED_EDGE('',*,*,#650,.F.);
#244=ORIENTED_EDGE('',*,*,#651,.F.);
#245=ORIENTED_EDGE('',*,*,#652,.T.);
#246=ORIENTED_EDGE('',*,*,#648,.T.);
#247=ORIENTED_EDGE('',*,*,#651,.T.);
#248=ORIENTED_EDGE('',*,*,#653,.T.);
#249=ORIENTED_EDGE('',*,*,#654,.F.);
#250=ORIENTED_EDGE('',*,*,#655,.F.);
#251=ORIENTED_EDGE('',*,*,#656,.F.);
#252=ORIENTED_EDGE('',*,*,#657,.F.);
#253=ORIENTED_EDGE('',*,*,#658,.T.);
#254=ORIENTED_EDGE('',*,*,#654,.T.);
#255=ORIENTED_EDGE('',*,*,#659,.F.);
#256=ORIENTED_EDGE('',*,*,#660,.F.);
#257=ORIENTED_EDGE('',*,*,#661,.T.);
#258=ORIENTED_EDGE('',*,*,#657,.T.);
#259=ORIENTED_EDGE('',*,*,#662,.F.);
#260=ORIENTED_EDGE('',*,*,#663,.F.);
#261=ORIENTED_EDGE('',*,*,#664,.T.);
#262=ORIENTED_EDGE('',*,*,#660,.T.);
#263=ORIENTED_EDGE('',*,*,#665,.F.);
#264=ORIENTED_EDGE('',*,*,#666,.F.);
#265=ORIENTED_EDGE('',*,*,#667,.T.);
#266=ORIENTED_EDGE('',*,*,#668,.T.);
#267=ORIENTED_EDGE('',*,*,#666,.T.);
#268=ORIENTED_EDGE('',*,*,#669,.T.);
#269=ORIENTED_EDGE('',*,*,#670,.F.);
#270=ORIENTED_EDGE('',*,*,#671,.F.);
#271=ORIENTED_EDGE('',*,*,#672,.F.);
#272=ORIENTED_EDGE('',*,*,#673,.F.);
#273=ORIENTED_EDGE('',*,*,#674,.T.);
#274=ORIENTED_EDGE('',*,*,#670,.T.);
#275=ORIENTED_EDGE('',*,*,#673,.T.);
#276=ORIENTED_EDGE('',*,*,#675,.T.);
#277=ORIENTED_EDGE('',*,*,#676,.F.);
#278=ORIENTED_EDGE('',*,*,#677,.F.);
#279=ORIENTED_EDGE('',*,*,#678,.F.);
#280=ORIENTED_EDGE('',*,*,#679,.F.);
#281=ORIENTED_EDGE('',*,*,#680,.T.);
#282=ORIENTED_EDGE('',*,*,#676,.T.);
#283=ORIENTED_EDGE('',*,*,#681,.F.);
#284=ORIENTED_EDGE('',*,*,#682,.F.);
#285=ORIENTED_EDGE('',*,*,#683,.T.);
#286=ORIENTED_EDGE('',*,*,#679,.T.);
#287=ORIENTED_EDGE('',*,*,#684,.F.);
#288=ORIENTED_EDGE('',*,*,#685,.F.);
#289=ORIENTED_EDGE('',*,*,#686,.T.);
#290=ORIENTED_EDGE('',*,*,#682,.T.);
#291=ORIENTED_EDGE('',*,*,#687,.F.);
#292=ORIENTED_EDGE('',*,*,#688,.F.);
#293=ORIENTED_EDGE('',*,*,#689,.T.);
#294=ORIENTED_EDGE('',*,*,#690,.T.);
#295=ORIENTED_EDGE('',*,*,#688,.T.);
#296=ORIENTED_EDGE('',*,*,#691,.T.);
#297=ORIENTED_EDGE('',*,*,#692,.F.);
#298=ORIENTED_EDGE('',*,*,#693,.F.);
#299=ORIENTED_EDGE('',*,*,#694,.F.);
#300=ORIENTED_EDGE('',*,*,#695,.F.);
#301=ORIENTED_EDGE('',*,*,#696,.T.);
#302=ORIENTED_EDGE('',*,*,#692,.T.);
#303=ORIENTED_EDGE('',*,*,#695,.T.);
#304=ORIENTED_EDGE('',*,*,#697,.T.);
#305=ORIENTED_EDGE('',*,*,#698,.F.);
#306=ORIENTED_EDGE('',*,*,#699,.F.);
#307=ORIENTED_EDGE('',*,*,#700,.F.);
#308=ORIENTED_EDGE('',*,*,#701,.F.);
#309=ORIENTED_EDGE('',*,*,#702,.T.);
#310=ORIENTED_EDGE('',*,*,#698,.T.);
#311=ORIENTED_EDGE('',*,*,#703,.F.);
#312=ORIENTED_EDGE('',*,*,#704,.F.);
#313=ORIENTED_EDGE('',*,*,#705,.T.);
#314=ORIENTED_EDGE('',*,*,#701,.T.);
#315=ORIENTED_EDGE('',*,*,#706,.F.);
#316=ORIENTED_EDGE('',*,*,#707,.F.);
#317=ORIENTED_EDGE('',*,*,#708,.T.);
#318=ORIENTED_EDGE('',*,*,#704,.T.);
#319=ORIENTED_EDGE('',*,*,#709,.F.);
#320=ORIENTED_EDGE('',*,*,#710,.T.);
#321=ORIENTED_EDGE('',*,*,#711,.F.);
#322=ORIENTED_EDGE('',*,*,#570,.F.);
#323=ORIENTED_EDGE('',*,*,#712,.T.);
#324=ORIENTED_EDGE('',*,*,#575,.T.);
#325=ORIENTED_EDGE('',*,*,#713,.F.);
#326=ORIENTED_EDGE('',*,*,#580,.F.);
#327=ORIENTED_EDGE('',*,*,#714,.T.);
#328=ORIENTED_EDGE('',*,*,#597,.T.);
#329=ORIENTED_EDGE('',*,*,#715,.F.);
#330=ORIENTED_EDGE('',*,*,#602,.F.);
#331=ORIENTED_EDGE('',*,*,#716,.T.);
#332=ORIENTED_EDGE('',*,*,#619,.T.);
#333=ORIENTED_EDGE('',*,*,#717,.F.);
#334=ORIENTED_EDGE('',*,*,#624,.F.);
#335=ORIENTED_EDGE('',*,*,#718,.T.);
#336=ORIENTED_EDGE('',*,*,#641,.T.);
#337=ORIENTED_EDGE('',*,*,#719,.F.);
#338=ORIENTED_EDGE('',*,*,#646,.F.);
#339=ORIENTED_EDGE('',*,*,#720,.T.);
#340=ORIENTED_EDGE('',*,*,#663,.T.);
#341=ORIENTED_EDGE('',*,*,#721,.F.);
#342=ORIENTED_EDGE('',*,*,#668,.F.);
#343=ORIENTED_EDGE('',*,*,#722,.T.);
#344=ORIENTED_EDGE('',*,*,#685,.T.);
#345=ORIENTED_EDGE('',*,*,#723,.F.);
#346=ORIENTED_EDGE('',*,*,#690,.F.);
#347=ORIENTED_EDGE('',*,*,#724,.T.);
#348=ORIENTED_EDGE('',*,*,#707,.T.);
#349=ORIENTED_EDGE('',*,*,#725,.T.);
#350=ORIENTED_EDGE('',*,*,#726,.T.);
#351=ORIENTED_EDGE('',*,*,#727,.T.);
#352=ORIENTED_EDGE('',*,*,#728,.F.);
#353=ORIENTED_EDGE('',*,*,#729,.T.);
#354=ORIENTED_EDGE('',*,*,#730,.T.);
#355=ORIENTED_EDGE('',*,*,#731,.T.);
#356=ORIENTED_EDGE('',*,*,#732,.T.);
#357=ORIENTED_EDGE('',*,*,#689,.F.);
#358=ORIENTED_EDGE('',*,*,#693,.T.);
#359=ORIENTED_EDGE('',*,*,#696,.F.);
#360=ORIENTED_EDGE('',*,*,#699,.T.);
#361=ORIENTED_EDGE('',*,*,#702,.F.);
#362=ORIENTED_EDGE('',*,*,#705,.F.);
#363=ORIENTED_EDGE('',*,*,#708,.F.);
#364=ORIENTED_EDGE('',*,*,#724,.F.);
#365=ORIENTED_EDGE('',*,*,#667,.F.);
#366=ORIENTED_EDGE('',*,*,#671,.T.);
#367=ORIENTED_EDGE('',*,*,#674,.F.);
#368=ORIENTED_EDGE('',*,*,#677,.T.);
#369=ORIENTED_EDGE('',*,*,#680,.F.);
#370=ORIENTED_EDGE('',*,*,#683,.F.);
#371=ORIENTED_EDGE('',*,*,#686,.F.);
#372=ORIENTED_EDGE('',*,*,#722,.F.);
#373=ORIENTED_EDGE('',*,*,#645,.F.);
#374=ORIENTED_EDGE('',*,*,#649,.T.);
#375=ORIENTED_EDGE('',*,*,#652,.F.);
#376=ORIENTED_EDGE('',*,*,#655,.T.);
#377=ORIENTED_EDGE('',*,*,#658,.F.);
#378=ORIENTED_EDGE('',*,*,#661,.F.);
#379=ORIENTED_EDGE('',*,*,#664,.F.);
#380=ORIENTED_EDGE('',*,*,#720,.F.);
#381=ORIENTED_EDGE('',*,*,#623,.F.);
#382=ORIENTED_EDGE('',*,*,#627,.T.);
#383=ORIENTED_EDGE('',*,*,#630,.F.);
#384=ORIENTED_EDGE('',*,*,#633,.T.);
#385=ORIENTED_EDGE('',*,*,#636,.F.);
#386=ORIENTED_EDGE('',*,*,#639,.F.);
#387=ORIENTED_EDGE('',*,*,#642,.F.);
#388=ORIENTED_EDGE('',*,*,#718,.F.);
#389=ORIENTED_EDGE('',*,*,#601,.F.);
#390=ORIENTED_EDGE('',*,*,#605,.T.);
#391=ORIENTED_EDGE('',*,*,#608,.F.);
#392=ORIENTED_EDGE('',*,*,#611,.T.);
#393=ORIENTED_EDGE('',*,*,#614,.F.);
#394=ORIENTED_EDGE('',*,*,#617,.F.);
#395=ORIENTED_EDGE('',*,*,#620,.F.);
#396=ORIENTED_EDGE('',*,*,#716,.F.);
#397=ORIENTED_EDGE('',*,*,#579,.F.);
#398=ORIENTED_EDGE('',*,*,#583,.T.);
#399=ORIENTED_EDGE('',*,*,#586,.F.);
#400=ORIENTED_EDGE('',*,*,#589,.T.);
#401=ORIENTED_EDGE('',*,*,#592,.F.);
#402=ORIENTED_EDGE('',*,*,#595,.F.);
#403=ORIENTED_EDGE('',*,*,#598,.F.);
#404=ORIENTED_EDGE('',*,*,#714,.F.);
#405=ORIENTED_EDGE('',*,*,#569,.F.);
#406=ORIENTED_EDGE('',*,*,#573,.T.);
#407=ORIENTED_EDGE('',*,*,#576,.T.);
#408=ORIENTED_EDGE('',*,*,#712,.F.);
#409=ORIENTED_EDGE('',*,*,#710,.F.);
#410=ORIENTED_EDGE('',*,*,#733,.F.);
#411=ORIENTED_EDGE('',*,*,#734,.F.);
#412=ORIENTED_EDGE('',*,*,#735,.T.);
#413=ORIENTED_EDGE('',*,*,#736,.T.);
#414=ORIENTED_EDGE('',*,*,#737,.T.);
#415=ORIENTED_EDGE('',*,*,#738,.T.);
#416=ORIENTED_EDGE('',*,*,#739,.T.);
#417=ORIENTED_EDGE('',*,*,#740,.T.);
#418=ORIENTED_EDGE('',*,*,#562,.F.);
#419=ORIENTED_EDGE('',*,*,#741,.T.);
#420=ORIENTED_EDGE('',*,*,#558,.T.);
#421=ORIENTED_EDGE('',*,*,#742,.T.);
#422=ORIENTED_EDGE('',*,*,#728,.T.);
#423=ORIENTED_EDGE('',*,*,#743,.T.);
#424=ORIENTED_EDGE('',*,*,#566,.F.);
#425=ORIENTED_EDGE('',*,*,#744,.T.);
#426=ORIENTED_EDGE('',*,*,#561,.F.);
#427=ORIENTED_EDGE('',*,*,#745,.T.);
#428=ORIENTED_EDGE('',*,*,#555,.F.);
#429=ORIENTED_EDGE('',*,*,#741,.F.);
#430=ORIENTED_EDGE('',*,*,#565,.F.);
#431=ORIENTED_EDGE('',*,*,#746,.T.);
#432=ORIENTED_EDGE('',*,*,#559,.F.);
#433=ORIENTED_EDGE('',*,*,#744,.F.);
#434=ORIENTED_EDGE('',*,*,#727,.F.);
#435=ORIENTED_EDGE('',*,*,#747,.T.);
#436=ORIENTED_EDGE('',*,*,#563,.F.);
#437=ORIENTED_EDGE('',*,*,#743,.F.);
#438=ORIENTED_EDGE('',*,*,#557,.F.);
#439=ORIENTED_EDGE('',*,*,#748,.T.);
#440=ORIENTED_EDGE('',*,*,#725,.F.);
#441=ORIENTED_EDGE('',*,*,#742,.F.);
#442=ORIENTED_EDGE('',*,*,#749,.F.);
#443=ORIENTED_EDGE('',*,*,#746,.F.);
#444=ORIENTED_EDGE('',*,*,#750,.F.);
#445=ORIENTED_EDGE('',*,*,#750,.T.);
#446=ORIENTED_EDGE('',*,*,#564,.F.);
#447=ORIENTED_EDGE('',*,*,#751,.F.);
#448=ORIENTED_EDGE('',*,*,#732,.F.);
#449=ORIENTED_EDGE('',*,*,#749,.T.);
#450=ORIENTED_EDGE('',*,*,#731,.F.);
#451=ORIENTED_EDGE('',*,*,#752,.F.);
#452=ORIENTED_EDGE('',*,*,#560,.F.);
#453=ORIENTED_EDGE('',*,*,#751,.T.);
#454=ORIENTED_EDGE('',*,*,#747,.F.);
#455=ORIENTED_EDGE('',*,*,#753,.F.);
#456=ORIENTED_EDGE('',*,*,#745,.F.);
#457=ORIENTED_EDGE('',*,*,#752,.T.);
#458=ORIENTED_EDGE('',*,*,#754,.F.);
#459=ORIENTED_EDGE('',*,*,#753,.T.);
#460=ORIENTED_EDGE('',*,*,#726,.F.);
#461=ORIENTED_EDGE('',*,*,#755,.F.);
#462=ORIENTED_EDGE('',*,*,#729,.F.);
#463=ORIENTED_EDGE('',*,*,#754,.T.);
#464=ORIENTED_EDGE('',*,*,#730,.F.);
#465=ORIENTED_EDGE('',*,*,#756,.F.);
#466=ORIENTED_EDGE('',*,*,#556,.F.);
#467=ORIENTED_EDGE('',*,*,#755,.T.);
#468=ORIENTED_EDGE('',*,*,#748,.F.);
#469=ORIENTED_EDGE('',*,*,#756,.T.);
#470=ORIENTED_EDGE('',*,*,#757,.T.);
#471=ORIENTED_EDGE('',*,*,#740,.F.);
#472=ORIENTED_EDGE('',*,*,#757,.F.);
#473=ORIENTED_EDGE('',*,*,#758,.T.);
#474=ORIENTED_EDGE('',*,*,#739,.F.);
#475=ORIENTED_EDGE('',*,*,#758,.F.);
#476=ORIENTED_EDGE('',*,*,#759,.T.);
#477=ORIENTED_EDGE('',*,*,#738,.F.);
#478=ORIENTED_EDGE('',*,*,#759,.F.);
#479=ORIENTED_EDGE('',*,*,#760,.T.);
#480=ORIENTED_EDGE('',*,*,#737,.F.);
#481=ORIENTED_EDGE('',*,*,#760,.F.);
#482=ORIENTED_EDGE('',*,*,#734,.T.);
#483=ORIENTED_EDGE('',*,*,#761,.F.);
#484=ORIENTED_EDGE('',*,*,#762,.F.);
#485=ORIENTED_EDGE('',*,*,#763,.T.);
#486=ORIENTED_EDGE('',*,*,#735,.F.);
#487=ORIENTED_EDGE('',*,*,#763,.F.);
#488=ORIENTED_EDGE('',*,*,#764,.T.);
#489=ORIENTED_EDGE('',*,*,#765,.T.);
#490=ORIENTED_EDGE('',*,*,#736,.F.);
#491=ORIENTED_EDGE('',*,*,#765,.F.);
#492=ORIENTED_EDGE('',*,*,#766,.T.);
#493=ORIENTED_EDGE('',*,*,#767,.T.);
#494=ORIENTED_EDGE('',*,*,#733,.T.);
#495=ORIENTED_EDGE('',*,*,#767,.F.);
#496=ORIENTED_EDGE('',*,*,#768,.F.);
#497=ORIENTED_EDGE('',*,*,#761,.T.);
#498=ORIENTED_EDGE('',*,*,#709,.T.);
#499=ORIENTED_EDGE('',*,*,#567,.T.);
#500=ORIENTED_EDGE('',*,*,#711,.T.);
#501=ORIENTED_EDGE('',*,*,#574,.F.);
#502=ORIENTED_EDGE('',*,*,#571,.F.);
#503=ORIENTED_EDGE('',*,*,#577,.T.);
#504=ORIENTED_EDGE('',*,*,#713,.T.);
#505=ORIENTED_EDGE('',*,*,#596,.T.);
#506=ORIENTED_EDGE('',*,*,#593,.T.);
#507=ORIENTED_EDGE('',*,*,#590,.T.);
#508=ORIENTED_EDGE('',*,*,#587,.F.);
#509=ORIENTED_EDGE('',*,*,#584,.T.);
#510=ORIENTED_EDGE('',*,*,#581,.F.);
#511=ORIENTED_EDGE('',*,*,#599,.T.);
#512=ORIENTED_EDGE('',*,*,#715,.T.);
#513=ORIENTED_EDGE('',*,*,#618,.T.);
#514=ORIENTED_EDGE('',*,*,#615,.T.);
#515=ORIENTED_EDGE('',*,*,#612,.T.);
#516=ORIENTED_EDGE('',*,*,#609,.F.);
#517=ORIENTED_EDGE('',*,*,#606,.T.);
#518=ORIENTED_EDGE('',*,*,#603,.F.);
#519=ORIENTED_EDGE('',*,*,#621,.T.);
#520=ORIENTED_EDGE('',*,*,#717,.T.);
#521=ORIENTED_EDGE('',*,*,#640,.T.);
#522=ORIENTED_EDGE('',*,*,#637,.T.);
#523=ORIENTED_EDGE('',*,*,#634,.T.);
#524=ORIENTED_EDGE('',*,*,#631,.F.);
#525=ORIENTED_EDGE('',*,*,#628,.T.);
#526=ORIENTED_EDGE('',*,*,#625,.F.);
#527=ORIENTED_EDGE('',*,*,#643,.T.);
#528=ORIENTED_EDGE('',*,*,#719,.T.);
#529=ORIENTED_EDGE('',*,*,#662,.T.);
#530=ORIENTED_EDGE('',*,*,#659,.T.);
#531=ORIENTED_EDGE('',*,*,#656,.T.);
#532=ORIENTED_EDGE('',*,*,#653,.F.);
#533=ORIENTED_EDGE('',*,*,#650,.T.);
#534=ORIENTED_EDGE('',*,*,#647,.F.);
#535=ORIENTED_EDGE('',*,*,#665,.T.);
#536=ORIENTED_EDGE('',*,*,#721,.T.);
#537=ORIENTED_EDGE('',*,*,#684,.T.);
#538=ORIENTED_EDGE('',*,*,#681,.T.);
#539=ORIENTED_EDGE('',*,*,#678,.T.);
#540=ORIENTED_EDGE('',*,*,#675,.F.);
#541=ORIENTED_EDGE('',*,*,#672,.T.);
#542=ORIENTED_EDGE('',*,*,#669,.F.);
#543=ORIENTED_EDGE('',*,*,#687,.T.);
#544=ORIENTED_EDGE('',*,*,#723,.T.);
#545=ORIENTED_EDGE('',*,*,#706,.T.);
#546=ORIENTED_EDGE('',*,*,#703,.T.);
#547=ORIENTED_EDGE('',*,*,#700,.T.);
#548=ORIENTED_EDGE('',*,*,#697,.F.);
#549=ORIENTED_EDGE('',*,*,#694,.T.);
#550=ORIENTED_EDGE('',*,*,#691,.F.);
#551=ORIENTED_EDGE('',*,*,#762,.T.);
#552=ORIENTED_EDGE('',*,*,#768,.T.);
#553=ORIENTED_EDGE('',*,*,#766,.F.);
#554=ORIENTED_EDGE('',*,*,#764,.F.);
#555=EDGE_CURVE('',#769,#770,#911,.F.);
#556=EDGE_CURVE('',#770,#771,#912,.T.);
#557=EDGE_CURVE('',#771,#772,#913,.T.);
#558=EDGE_CURVE('',#769,#772,#914,.T.);
#559=EDGE_CURVE('',#773,#774,#915,.F.);
#560=EDGE_CURVE('',#774,#775,#916,.F.);
#561=EDGE_CURVE('',#775,#776,#917,.T.);
#562=EDGE_CURVE('',#776,#773,#918,.T.);
#563=EDGE_CURVE('',#777,#778,#919,.F.);
#564=EDGE_CURVE('',#778,#779,#920,.F.);
#565=EDGE_CURVE('',#779,#780,#921,.T.);
#566=EDGE_CURVE('',#780,#777,#922,.T.);
#567=EDGE_CURVE('',#781,#782,#923,.T.);
#568=EDGE_CURVE('',#783,#781,#924,.T.);
#569=EDGE_CURVE('',#783,#784,#925,.T.);
#570=EDGE_CURVE('',#784,#782,#926,.T.);
#571=EDGE_CURVE('',#781,#785,#927,.T.);
#572=EDGE_CURVE('',#786,#785,#928,.T.);
#573=EDGE_CURVE('',#783,#786,#929,.T.);
#574=EDGE_CURVE('',#785,#787,#930,.T.);
#575=EDGE_CURVE('',#788,#787,#931,.T.);
#576=EDGE_CURVE('',#786,#788,#932,.T.);
#577=EDGE_CURVE('',#789,#790,#16,.T.);
#578=EDGE_CURVE('',#791,#789,#933,.T.);
#579=EDGE_CURVE('',#791,#792,#17,.T.);
#580=EDGE_CURVE('',#792,#790,#934,.T.);
#581=EDGE_CURVE('',#789,#793,#935,.T.);
#582=EDGE_CURVE('',#794,#793,#936,.T.);
#583=EDGE_CURVE('',#791,#794,#937,.T.);
#584=EDGE_CURVE('',#795,#793,#18,.T.);
#585=EDGE_CURVE('',#796,#795,#938,.T.);
#586=EDGE_CURVE('',#796,#794,#19,.T.);
#587=EDGE_CURVE('',#795,#797,#939,.T.);
#588=EDGE_CURVE('',#798,#797,#940,.T.);
#589=EDGE_CURVE('',#796,#798,#941,.T.);
#590=EDGE_CURVE('',#799,#797,#20,.T.);
#591=EDGE_CURVE('',#800,#799,#942,.T.);
#592=EDGE_CURVE('',#800,#798,#21,.T.);
#593=EDGE_CURVE('',#801,#799,#943,.T.);
#594=EDGE_CURVE('',#802,#801,#944,.T.);
#595=EDGE_CURVE('',#802,#800,#945,.T.);
#596=EDGE_CURVE('',#803,#801,#22,.T.);
#597=EDGE_CURVE('',#804,#803,#946,.T.);
#598=EDGE_CURVE('',#804,#802,#23,.T.);
#599=EDGE_CURVE('',#805,#806,#24,.T.);
#600=EDGE_CURVE('',#807,#805,#947,.T.);
#601=EDGE_CURVE('',#807,#808,#25,.T.);
#602=EDGE_CURVE('',#808,#806,#948,.T.);
#603=EDGE_CURVE('',#805,#809,#949,.T.);
#604=EDGE_CURVE('',#810,#809,#950,.T.);
#605=EDGE_CURVE('',#807,#810,#951,.T.);
#606=EDGE_CURVE('',#811,#809,#26,.T.);
#607=EDGE_CURVE('',#812,#811,#952,.T.);
#608=EDGE_CURVE('',#812,#810,#27,.T.);
#609=EDGE_CURVE('',#811,#813,#953,.T.);
#610=EDGE_CURVE('',#814,#813,#954,.T.);
#611=EDGE_CURVE('',#812,#814,#955,.T.);
#612=EDGE_CURVE('',#815,#813,#28,.T.);
#613=EDGE_CURVE('',#816,#815,#956,.T.);
#614=EDGE_CURVE('',#816,#814,#29,.T.);
#615=EDGE_CURVE('',#817,#815,#957,.T.);
#616=EDGE_CURVE('',#818,#817,#958,.T.);
#617=EDGE_CURVE('',#818,#816,#959,.T.);
#618=EDGE_CURVE('',#819,#817,#30,.T.);
#619=EDGE_CURVE('',#820,#819,#960,.T.);
#620=EDGE_CURVE('',#820,#818,#31,.T.);
#621=EDGE_CURVE('',#821,#822,#32,.T.);
#622=EDGE_CURVE('',#823,#821,#961,.T.);
#623=EDGE_CURVE('',#823,#824,#33,.T.);
#624=EDGE_CURVE('',#824,#822,#962,.T.);
#625=EDGE_CURVE('',#821,#825,#963,.T.);
#626=EDGE_CURVE('',#826,#825,#964,.T.);
#627=EDGE_CURVE('',#823,#826,#965,.T.);
#628=EDGE_CURVE('',#827,#825,#34,.T.);
#629=EDGE_CURVE('',#828,#827,#966,.T.);
#630=EDGE_CURVE('',#828,#826,#35,.T.);
#631=EDGE_CURVE('',#827,#829,#967,.T.);
#632=EDGE_CURVE('',#830,#829,#968,.T.);
#633=EDGE_CURVE('',#828,#830,#969,.T.);
#634=EDGE_CURVE('',#831,#829,#36,.T.);
#635=EDGE_CURVE('',#832,#831,#970,.T.);
#636=EDGE_CURVE('',#832,#830,#37,.T.);
#637=EDGE_CURVE('',#833,#831,#971,.T.);
#638=EDGE_CURVE('',#834,#833,#972,.T.);
#639=EDGE_CURVE('',#834,#832,#973,.T.);
#640=EDGE_CURVE('',#835,#833,#38,.T.);
#641=EDGE_CURVE('',#836,#835,#974,.T.);
#642=EDGE_CURVE('',#836,#834,#39,.T.);
#643=EDGE_CURVE('',#837,#838,#40,.T.);
#644=EDGE_CURVE('',#839,#837,#975,.T.);
#645=EDGE_CURVE('',#839,#840,#41,.T.);
#646=EDGE_CURVE('',#840,#838,#976,.T.);
#647=EDGE_CURVE('',#837,#841,#977,.T.);
#648=EDGE_CURVE('',#842,#841,#978,.T.);
#649=EDGE_CURVE('',#839,#842,#979,.T.);
#650=EDGE_CURVE('',#843,#841,#42,.T.);
#651=EDGE_CURVE('',#844,#843,#980,.T.);
#652=EDGE_CURVE('',#844,#842,#43,.T.);
#653=EDGE_CURVE('',#843,#845,#981,.T.);
#654=EDGE_CURVE('',#846,#845,#982,.T.);
#655=EDGE_CURVE('',#844,#846,#983,.T.);
#656=EDGE_CURVE('',#847,#845,#44,.T.);
#657=EDGE_CURVE('',#848,#847,#984,.T.);
#658=EDGE_CURVE('',#848,#846,#45,.T.);
#659=EDGE_CURVE('',#849,#847,#985,.T.);
#660=EDGE_CURVE('',#850,#849,#986,.T.);
#661=EDGE_CURVE('',#850,#848,#987,.T.);
#662=EDGE_CURVE('',#851,#849,#46,.T.);
#663=EDGE_CURVE('',#852,#851,#988,.T.);
#664=EDGE_CURVE('',#852,#850,#47,.T.);
#665=EDGE_CURVE('',#853,#854,#48,.T.);
#666=EDGE_CURVE('',#855,#853,#989,.T.);
#667=EDGE_CURVE('',#855,#856,#49,.T.);
#668=EDGE_CURVE('',#856,#854,#990,.T.);
#669=EDGE_CURVE('',#853,#857,#991,.T.);
#670=EDGE_CURVE('',#858,#857,#992,.T.);
#671=EDGE_CURVE('',#855,#858,#993,.T.);
#672=EDGE_CURVE('',#859,#857,#50,.T.);
#673=EDGE_CURVE('',#860,#859,#994,.T.);
#674=EDGE_CURVE('',#860,#858,#51,.T.);
#675=EDGE_CURVE('',#859,#861,#995,.T.);
#676=EDGE_CURVE('',#862,#861,#996,.T.);
#677=EDGE_CURVE('',#860,#862,#997,.T.);
#678=EDGE_CURVE('',#863,#861,#52,.T.);
#679=EDGE_CURVE('',#864,#863,#998,.T.);
#680=EDGE_CURVE('',#864,#862,#53,.T.);
#681=EDGE_CURVE('',#865,#863,#999,.T.);
#682=EDGE_CURVE('',#866,#865,#1000,.T.);
#683=EDGE_CURVE('',#866,#864,#1001,.T.);
#684=EDGE_CURVE('',#867,#865,#54,.T.);
#685=EDGE_CURVE('',#868,#867,#1002,.T.);
#686=EDGE_CURVE('',#868,#866,#55,.T.);
#687=EDGE_CURVE('',#869,#870,#56,.T.);
#688=EDGE_CURVE('',#871,#869,#1003,.T.);
#689=EDGE_CURVE('',#871,#872,#57,.T.);
#690=EDGE_CURVE('',#872,#870,#1004,.T.);
#691=EDGE_CURVE('',#869,#873,#1005,.T.);
#692=EDGE_CURVE('',#874,#873,#1006,.T.);
#693=EDGE_CURVE('',#871,#874,#1007,.T.);
#694=EDGE_CURVE('',#875,#873,#58,.T.);
#695=EDGE_CURVE('',#876,#875,#1008,.T.);
#696=EDGE_CURVE('',#876,#874,#59,.T.);
#697=EDGE_CURVE('',#875,#877,#1009,.T.);
#698=EDGE_CURVE('',#878,#877,#1010,.T.);
#699=EDGE_CURVE('',#876,#878,#1011,.T.);
#700=EDGE_CURVE('',#879,#877,#60,.T.);
#701=EDGE_CURVE('',#880,#879,#1012,.T.);
#702=EDGE_CURVE('',#880,#878,#61,.T.);
#703=EDGE_CURVE('',#881,#879,#1013,.T.);
#704=EDGE_CURVE('',#882,#881,#1014,.T.);
#705=EDGE_CURVE('',#882,#880,#1015,.T.);
#706=EDGE_CURVE('',#883,#881,#62,.T.);
#707=EDGE_CURVE('',#884,#883,#1016,.T.);
#708=EDGE_CURVE('',#884,#882,#63,.T.);
#709=EDGE_CURVE('',#885,#885,#64,.T.);
#710=EDGE_CURVE('',#886,#886,#65,.T.);
#711=EDGE_CURVE('',#782,#787,#1017,.T.);
#712=EDGE_CURVE('',#784,#788,#1018,.T.);
#713=EDGE_CURVE('',#790,#803,#1019,.T.);
#714=EDGE_CURVE('',#792,#804,#1020,.T.);
#715=EDGE_CURVE('',#806,#819,#1021,.T.);
#716=EDGE_CURVE('',#808,#820,#1022,.T.);
#717=EDGE_CURVE('',#822,#835,#1023,.T.);
#718=EDGE_CURVE('',#824,#836,#1024,.T.);
#719=EDGE_CURVE('',#838,#851,#1025,.T.);
#720=EDGE_CURVE('',#840,#852,#1026,.T.);
#721=EDGE_CURVE('',#854,#867,#1027,.T.);
#722=EDGE_CURVE('',#856,#868,#1028,.T.);
#723=EDGE_CURVE('',#870,#883,#1029,.T.);
#724=EDGE_CURVE('',#872,#884,#1030,.T.);
#725=EDGE_CURVE('',#887,#888,#1031,.F.);
#726=EDGE_CURVE('',#888,#889,#1032,.T.);
#727=EDGE_CURVE('',#889,#890,#1033,.T.);
#728=EDGE_CURVE('',#887,#890,#1034,.T.);
#729=EDGE_CURVE('',#891,#892,#1035,.F.);
#730=EDGE_CURVE('',#892,#893,#1036,.F.);
#731=EDGE_CURVE('',#893,#894,#1037,.T.);
#732=EDGE_CURVE('',#894,#891,#1038,.T.);
#733=EDGE_CURVE('',#895,#896,#1039,.T.);
#734=EDGE_CURVE('',#897,#895,#1040,.T.);
#735=EDGE_CURVE('',#897,#898,#1041,.T.);
#736=EDGE_CURVE('',#898,#896,#1042,.T.);
#737=EDGE_CURVE('',#899,#899,#66,.T.);
#738=EDGE_CURVE('',#900,#900,#67,.T.);
#739=EDGE_CURVE('',#901,#901,#68,.T.);
#740=EDGE_CURVE('',#902,#902,#69,.T.);
#741=EDGE_CURVE('',#776,#769,#70,.F.);
#742=EDGE_CURVE('',#772,#887,#71,.F.);
#743=EDGE_CURVE('',#890,#777,#72,.F.);
#744=EDGE_CURVE('',#780,#773,#73,.F.);
#745=EDGE_CURVE('',#775,#770,#74,.F.);
#746=EDGE_CURVE('',#779,#774,#75,.T.);
#747=EDGE_CURVE('',#889,#778,#76,.F.);
#748=EDGE_CURVE('',#771,#888,#77,.T.);
#749=EDGE_CURVE('',#774,#894,#78,.T.);
#750=EDGE_CURVE('',#894,#779,#79,.T.);
#751=EDGE_CURVE('',#891,#778,#80,.T.);
#752=EDGE_CURVE('',#775,#893,#81,.T.);
#753=EDGE_CURVE('',#891,#889,#82,.T.);
#754=EDGE_CURVE('',#770,#893,#83,.T.);
#755=EDGE_CURVE('',#892,#888,#84,.T.);
#756=EDGE_CURVE('',#771,#892,#85,.T.);
#757=EDGE_CURVE('',#903,#903,#86,.T.);
#758=EDGE_CURVE('',#904,#904,#87,.T.);
#759=EDGE_CURVE('',#905,#905,#88,.T.);
#760=EDGE_CURVE('',#906,#906,#89,.T.);
#761=EDGE_CURVE('',#907,#895,#1043,.T.);
#762=EDGE_CURVE('',#908,#907,#1044,.T.);
#763=EDGE_CURVE('',#908,#897,#1045,.T.);
#764=EDGE_CURVE('',#908,#909,#1046,.T.);
#765=EDGE_CURVE('',#909,#898,#1047,.T.);
#766=EDGE_CURVE('',#909,#910,#1048,.T.);
#767=EDGE_CURVE('',#910,#896,#1049,.T.);
#768=EDGE_CURVE('',#907,#910,#1050,.T.);
#769=VERTEX_POINT('',#2170);
#770=VERTEX_POINT('',#2171);
#771=VERTEX_POINT('',#2173);
#772=VERTEX_POINT('',#2175);
#773=VERTEX_POINT('',#2179);
#774=VERTEX_POINT('',#2180);
#775=VERTEX_POINT('',#2182);
#776=VERTEX_POINT('',#2184);
#777=VERTEX_POINT('',#2188);
#778=VERTEX_POINT('',#2189);
#779=VERTEX_POINT('',#2191);
#780=VERTEX_POINT('',#2193);
#781=VERTEX_POINT('',#2197);
#782=VERTEX_POINT('',#2198);
#783=VERTEX_POINT('',#2200);
#784=VERTEX_POINT('',#2202);
#785=VERTEX_POINT('',#2206);
#786=VERTEX_POINT('',#2208);
#787=VERTEX_POINT('',#2212);
#788=VERTEX_POINT('',#2214);
#789=VERTEX_POINT('',#2218);
#790=VERTEX_POINT('',#2219);
#791=VERTEX_POINT('',#2221);
#792=VERTEX_POINT('',#2223);
#793=VERTEX_POINT('',#2227);
#794=VERTEX_POINT('',#2229);
#795=VERTEX_POINT('',#2233);
#796=VERTEX_POINT('',#2235);
#797=VERTEX_POINT('',#2239);
#798=VERTEX_POINT('',#2241);
#799=VERTEX_POINT('',#2245);
#800=VERTEX_POINT('',#2247);
#801=VERTEX_POINT('',#2251);
#802=VERTEX_POINT('',#2253);
#803=VERTEX_POINT('',#2257);
#804=VERTEX_POINT('',#2259);
#805=VERTEX_POINT('',#2263);
#806=VERTEX_POINT('',#2264);
#807=VERTEX_POINT('',#2266);
#808=VERTEX_POINT('',#2268);
#809=VERTEX_POINT('',#2272);
#810=VERTEX_POINT('',#2274);
#811=VERTEX_POINT('',#2278);
#812=VERTEX_POINT('',#2280);
#813=VERTEX_POINT('',#2284);
#814=VERTEX_POINT('',#2286);
#815=VERTEX_POINT('',#2290);
#816=VERTEX_POINT('',#2292);
#817=VERTEX_POINT('',#2296);
#818=VERTEX_POINT('',#2298);
#819=VERTEX_POINT('',#2302);
#820=VERTEX_POINT('',#2304);
#821=VERTEX_POINT('',#2308);
#822=VERTEX_POINT('',#2309);
#823=VERTEX_POINT('',#2311);
#824=VERTEX_POINT('',#2313);
#825=VERTEX_POINT('',#2317);
#826=VERTEX_POINT('',#2319);
#827=VERTEX_POINT('',#2323);
#828=VERTEX_POINT('',#2325);
#829=VERTEX_POINT('',#2329);
#830=VERTEX_POINT('',#2331);
#831=VERTEX_POINT('',#2335);
#832=VERTEX_POINT('',#2337);
#833=VERTEX_POINT('',#2341);
#834=VERTEX_POINT('',#2343);
#835=VERTEX_POINT('',#2347);
#836=VERTEX_POINT('',#2349);
#837=VERTEX_POINT('',#2353);
#838=VERTEX_POINT('',#2354);
#839=VERTEX_POINT('',#2356);
#840=VERTEX_POINT('',#2358);
#841=VERTEX_POINT('',#2362);
#842=VERTEX_POINT('',#2364);
#843=VERTEX_POINT('',#2368);
#844=VERTEX_POINT('',#2370);
#845=VERTEX_POINT('',#2374);
#846=VERTEX_POINT('',#2376);
#847=VERTEX_POINT('',#2380);
#848=VERTEX_POINT('',#2382);
#849=VERTEX_POINT('',#2386);
#850=VERTEX_POINT('',#2388);
#851=VERTEX_POINT('',#2392);
#852=VERTEX_POINT('',#2394);
#853=VERTEX_POINT('',#2398);
#854=VERTEX_POINT('',#2399);
#855=VERTEX_POINT('',#2401);
#856=VERTEX_POINT('',#2403);
#857=VERTEX_POINT('',#2407);
#858=VERTEX_POINT('',#2409);
#859=VERTEX_POINT('',#2413);
#860=VERTEX_POINT('',#2415);
#861=VERTEX_POINT('',#2419);
#862=VERTEX_POINT('',#2421);
#863=VERTEX_POINT('',#2425);
#864=VERTEX_POINT('',#2427);
#865=VERTEX_POINT('',#2431);
#866=VERTEX_POINT('',#2433);
#867=VERTEX_POINT('',#2437);
#868=VERTEX_POINT('',#2439);
#869=VERTEX_POINT('',#2443);
#870=VERTEX_POINT('',#2444);
#871=VERTEX_POINT('',#2446);
#872=VERTEX_POINT('',#2448);
#873=VERTEX_POINT('',#2452);
#874=VERTEX_POINT('',#2454);
#875=VERTEX_POINT('',#2458);
#876=VERTEX_POINT('',#2460);
#877=VERTEX_POINT('',#2464);
#878=VERTEX_POINT('',#2466);
#879=VERTEX_POINT('',#2470);
#880=VERTEX_POINT('',#2472);
#881=VERTEX_POINT('',#2476);
#882=VERTEX_POINT('',#2478);
#883=VERTEX_POINT('',#2482);
#884=VERTEX_POINT('',#2484);
#885=VERTEX_POINT('',#2488);
#886=VERTEX_POINT('',#2490);
#887=VERTEX_POINT('',#2514);
#888=VERTEX_POINT('',#2515);
#889=VERTEX_POINT('',#2517);
#890=VERTEX_POINT('',#2519);
#891=VERTEX_POINT('',#2523);
#892=VERTEX_POINT('',#2524);
#893=VERTEX_POINT('',#2526);
#894=VERTEX_POINT('',#2528);
#895=VERTEX_POINT('',#2532);
#896=VERTEX_POINT('',#2533);
#897=VERTEX_POINT('',#2535);
#898=VERTEX_POINT('',#2537);
#899=VERTEX_POINT('',#2540);
#900=VERTEX_POINT('',#2542);
#901=VERTEX_POINT('',#2544);
#902=VERTEX_POINT('',#2546);
#903=VERTEX_POINT('',#2577);
#904=VERTEX_POINT('',#2581);
#905=VERTEX_POINT('',#2585);
#906=VERTEX_POINT('',#2589);
#907=VERTEX_POINT('',#2593);
#908=VERTEX_POINT('',#2595);
#909=VERTEX_POINT('',#2599);
#910=VERTEX_POINT('',#2603);
#911=LINE('',#2169,#1051);
#912=LINE('',#2172,#1052);
#913=LINE('',#2174,#1053);
#914=LINE('',#2176,#1054);
#915=LINE('',#2178,#1055);
#916=LINE('',#2181,#1056);
#917=LINE('',#2183,#1057);
#918=LINE('',#2185,#1058);
#919=LINE('',#2187,#1059);
#920=LINE('',#2190,#1060);
#921=LINE('',#2192,#1061);
#922=LINE('',#2194,#1062);
#923=LINE('',#2196,#1063);
#924=LINE('',#2199,#1064);
#925=LINE('',#2201,#1065);
#926=LINE('',#2203,#1066);
#927=LINE('',#2205,#1067);
#928=LINE('',#2207,#1068);
#929=LINE('',#2209,#1069);
#930=LINE('',#2211,#1070);
#931=LINE('',#2213,#1071);
#932=LINE('',#2215,#1072);
#933=LINE('',#2220,#1073);
#934=LINE('',#2224,#1074);
#935=LINE('',#2226,#1075);
#936=LINE('',#2228,#1076);
#937=LINE('',#2230,#1077);
#938=LINE('',#2234,#1078);
#939=LINE('',#2238,#1079);
#940=LINE('',#2240,#1080);
#941=LINE('',#2242,#1081);
#942=LINE('',#2246,#1082);
#943=LINE('',#2250,#1083);
#944=LINE('',#2252,#1084);
#945=LINE('',#2254,#1085);
#946=LINE('',#2258,#1086);
#947=LINE('',#2265,#1087);
#948=LINE('',#2269,#1088);
#949=LINE('',#2271,#1089);
#950=LINE('',#2273,#1090);
#951=LINE('',#2275,#1091);
#952=LINE('',#2279,#1092);
#953=LINE('',#2283,#1093);
#954=LINE('',#2285,#1094);
#955=LINE('',#2287,#1095);
#956=LINE('',#2291,#1096);
#957=LINE('',#2295,#1097);
#958=LINE('',#2297,#1098);
#959=LINE('',#2299,#1099);
#960=LINE('',#2303,#1100);
#961=LINE('',#2310,#1101);
#962=LINE('',#2314,#1102);
#963=LINE('',#2316,#1103);
#964=LINE('',#2318,#1104);
#965=LINE('',#2320,#1105);
#966=LINE('',#2324,#1106);
#967=LINE('',#2328,#1107);
#968=LINE('',#2330,#1108);
#969=LINE('',#2332,#1109);
#970=LINE('',#2336,#1110);
#971=LINE('',#2340,#1111);
#972=LINE('',#2342,#1112);
#973=LINE('',#2344,#1113);
#974=LINE('',#2348,#1114);
#975=LINE('',#2355,#1115);
#976=LINE('',#2359,#1116);
#977=LINE('',#2361,#1117);
#978=LINE('',#2363,#1118);
#979=LINE('',#2365,#1119);
#980=LINE('',#2369,#1120);
#981=LINE('',#2373,#1121);
#982=LINE('',#2375,#1122);
#983=LINE('',#2377,#1123);
#984=LINE('',#2381,#1124);
#985=LINE('',#2385,#1125);
#986=LINE('',#2387,#1126);
#987=LINE('',#2389,#1127);
#988=LINE('',#2393,#1128);
#989=LINE('',#2400,#1129);
#990=LINE('',#2404,#1130);
#991=LINE('',#2406,#1131);
#992=LINE('',#2408,#1132);
#993=LINE('',#2410,#1133);
#994=LINE('',#2414,#1134);
#995=LINE('',#2418,#1135);
#996=LINE('',#2420,#1136);
#997=LINE('',#2422,#1137);
#998=LINE('',#2426,#1138);
#999=LINE('',#2430,#1139);
#1000=LINE('',#2432,#1140);
#1001=LINE('',#2434,#1141);
#1002=LINE('',#2438,#1142);
#1003=LINE('',#2445,#1143);
#1004=LINE('',#2449,#1144);
#1005=LINE('',#2451,#1145);
#1006=LINE('',#2453,#1146);
#1007=LINE('',#2455,#1147);
#1008=LINE('',#2459,#1148);
#1009=LINE('',#2463,#1149);
#1010=LINE('',#2465,#1150);
#1011=LINE('',#2467,#1151);
#1012=LINE('',#2471,#1152);
#1013=LINE('',#2475,#1153);
#1014=LINE('',#2477,#1154);
#1015=LINE('',#2479,#1155);
#1016=LINE('',#2483,#1156);
#1017=LINE('',#2492,#1157);
#1018=LINE('',#2493,#1158);
#1019=LINE('',#2495,#1159);
#1020=LINE('',#2496,#1160);
#1021=LINE('',#2498,#1161);
#1022=LINE('',#2499,#1162);
#1023=LINE('',#2501,#1163);
#1024=LINE('',#2502,#1164);
#1025=LINE('',#2504,#1165);
#1026=LINE('',#2505,#1166);
#1027=LINE('',#2507,#1167);
#1028=LINE('',#2508,#1168);
#1029=LINE('',#2510,#1169);
#1030=LINE('',#2511,#1170);
#1031=LINE('',#2513,#1171);
#1032=LINE('',#2516,#1172);
#1033=LINE('',#2518,#1173);
#1034=LINE('',#2520,#1174);
#1035=LINE('',#2522,#1175);
#1036=LINE('',#2525,#1176);
#1037=LINE('',#2527,#1177);
#1038=LINE('',#2529,#1178);
#1039=LINE('',#2531,#1179);
#1040=LINE('',#2534,#1180);
#1041=LINE('',#2536,#1181);
#1042=LINE('',#2538,#1182);
#1043=LINE('',#2592,#1183);
#1044=LINE('',#2594,#1184);
#1045=LINE('',#2596,#1185);
#1046=LINE('',#2598,#1186);
#1047=LINE('',#2600,#1187);
#1048=LINE('',#2602,#1188);
#1049=LINE('',#2604,#1189);
#1050=LINE('',#2606,#1190);
#1051=VECTOR('',#1713,1.);
#1052=VECTOR('',#1714,1.);
#1053=VECTOR('',#1715,1.);
#1054=VECTOR('',#1716,1.);
#1055=VECTOR('',#1719,1.);
#1056=VECTOR('',#1720,1.);
#1057=VECTOR('',#1721,1.);
#1058=VECTOR('',#1722,1.);
#1059=VECTOR('',#1725,1.);
#1060=VECTOR('',#1726,1.);
#1061=VECTOR('',#1727,1.);
#1062=VECTOR('',#1728,1.);
#1063=VECTOR('',#1731,1.);
#1064=VECTOR('',#1732,1.);
#1065=VECTOR('',#1733,1.);
#1066=VECTOR('',#1734,1.);
#1067=VECTOR('',#1737,1.);
#1068=VECTOR('',#1738,1.);
#1069=VECTOR('',#1739,1.);
#1070=VECTOR('',#1742,1.);
#1071=VECTOR('',#1743,1.);
#1072=VECTOR('',#1744,1.);
#1073=VECTOR('',#1749,1.);
#1074=VECTOR('',#1752,1.);
#1075=VECTOR('',#1755,1.);
#1076=VECTOR('',#1756,1.);
#1077=VECTOR('',#1757,1.);
#1078=VECTOR('',#1762,1.);
#1079=VECTOR('',#1767,1.);
#1080=VECTOR('',#1768,1.);
#1081=VECTOR('',#1769,1.);
#1082=VECTOR('',#1774,1.);
#1083=VECTOR('',#1779,1.);
#1084=VECTOR('',#1780,1.);
#1085=VECTOR('',#1781,1.);
#1086=VECTOR('',#1786,1.);
#1087=VECTOR('',#1793,1.);
#1088=VECTOR('',#1796,1.);
#1089=VECTOR('',#1799,1.);
#1090=VECTOR('',#1800,1.);
#1091=VECTOR('',#1801,1.);
#1092=VECTOR('',#1806,1.);
#1093=VECTOR('',#1811,1.);
#1094=VECTOR('',#1812,1.);
#1095=VECTOR('',#1813,1.);
#1096=VECTOR('',#1818,1.);
#1097=VECTOR('',#1823,1.);
#1098=VECTOR('',#1824,1.);
#1099=VECTOR('',#1825,1.);
#1100=VECTOR('',#1830,1.);
#1101=VECTOR('',#1837,1.);
#1102=VECTOR('',#1840,1.);
#1103=VECTOR('',#1843,1.);
#1104=VECTOR('',#1844,1.);
#1105=VECTOR('',#1845,1.);
#1106=VECTOR('',#1850,1.);
#1107=VECTOR('',#1855,1.);
#1108=VECTOR('',#1856,1.);
#1109=VECTOR('',#1857,1.);
#1110=VECTOR('',#1862,1.);
#1111=VECTOR('',#1867,1.);
#1112=VECTOR('',#1868,1.);
#1113=VECTOR('',#1869,1.);
#1114=VECTOR('',#1874,1.);
#1115=VECTOR('',#1881,1.);
#1116=VECTOR('',#1884,1.);
#1117=VECTOR('',#1887,1.);
#1118=VECTOR('',#1888,1.);
#1119=VECTOR('',#1889,1.);
#1120=VECTOR('',#1894,1.);
#1121=VECTOR('',#1899,1.);
#1122=VECTOR('',#1900,1.);
#1123=VECTOR('',#1901,1.);
#1124=VECTOR('',#1906,1.);
#1125=VECTOR('',#1911,1.);
#1126=VECTOR('',#1912,1.);
#1127=VECTOR('',#1913,1.);
#1128=VECTOR('',#1918,1.);
#1129=VECTOR('',#1925,1.);
#1130=VECTOR('',#1928,1.);
#1131=VECTOR('',#1931,1.);
#1132=VECTOR('',#1932,1.);
#1133=VECTOR('',#1933,1.);
#1134=VECTOR('',#1938,1.);
#1135=VECTOR('',#1943,1.);
#1136=VECTOR('',#1944,1.);
#1137=VECTOR('',#1945,1.);
#1138=VECTOR('',#1950,1.);
#1139=VECTOR('',#1955,1.);
#1140=VECTOR('',#1956,1.);
#1141=VECTOR('',#1957,1.);
#1142=VECTOR('',#1962,1.);
#1143=VECTOR('',#1969,1.);
#1144=VECTOR('',#1972,1.);
#1145=VECTOR('',#1975,1.);
#1146=VECTOR('',#1976,1.);
#1147=VECTOR('',#1977,1.);
#1148=VECTOR('',#1982,1.);
#1149=VECTOR('',#1987,1.);
#1150=VECTOR('',#1988,1.);
#1151=VECTOR('',#1989,1.);
#1152=VECTOR('',#1994,1.);
#1153=VECTOR('',#1999,1.);
#1154=VECTOR('',#2000,1.);
#1155=VECTOR('',#2001,1.);
#1156=VECTOR('',#2006,1.);
#1157=VECTOR('',#2017,1.);
#1158=VECTOR('',#2018,1.);
#1159=VECTOR('',#2021,1.);
#1160=VECTOR('',#2022,1.);
#1161=VECTOR('',#2025,1.);
#1162=VECTOR('',#2026,1.);
#1163=VECTOR('',#2029,1.);
#1164=VECTOR('',#2030,1.);
#1165=VECTOR('',#2033,1.);
#1166=VECTOR('',#2034,1.);
#1167=VECTOR('',#2037,1.);
#1168=VECTOR('',#2038,1.);
#1169=VECTOR('',#2041,1.);
#1170=VECTOR('',#2042,1.);
#1171=VECTOR('',#2045,1.);
#1172=VECTOR('',#2046,1.);
#1173=VECTOR('',#2047,1.);
#1174=VECTOR('',#2048,1.);
#1175=VECTOR('',#2051,1.);
#1176=VECTOR('',#2052,1.);
#1177=VECTOR('',#2053,1.);
#1178=VECTOR('',#2054,1.);
#1179=VECTOR('',#2057,1.);
#1180=VECTOR('',#2058,1.);
#1181=VECTOR('',#2059,1.);
#1182=VECTOR('',#2060,1.);
#1183=VECTOR('',#2151,1.);
#1184=VECTOR('',#2152,1.);
#1185=VECTOR('',#2153,1.);
#1186=VECTOR('',#2156,1.);
#1187=VECTOR('',#2157,1.);
#1188=VECTOR('',#2160,1.);
#1189=VECTOR('',#2161,1.);
#1190=VECTOR('',#2164,1.);
#1191=EDGE_LOOP('',(#127,#128,#129,#130));
#1192=EDGE_LOOP('',(#131,#132,#133,#134));
#1193=EDGE_LOOP('',(#135,#136,#137,#138));
#1194=EDGE_LOOP('',(#139,#140,#141,#142));
#1195=EDGE_LOOP('',(#143,#144,#145,#146));
#1196=EDGE_LOOP('',(#147,#148,#149,#150));
#1197=EDGE_LOOP('',(#151,#152,#153,#154));
#1198=EDGE_LOOP('',(#155,#156,#157,#158));
#1199=EDGE_LOOP('',(#159,#160,#161,#162));
#1200=EDGE_LOOP('',(#163,#164,#165,#166));
#1201=EDGE_LOOP('',(#167,#168,#169,#170));
#1202=EDGE_LOOP('',(#171,#172,#173,#174));
#1203=EDGE_LOOP('',(#175,#176,#177,#178));
#1204=EDGE_LOOP('',(#179,#180,#181,#182));
#1205=EDGE_LOOP('',(#183,#184,#185,#186));
#1206=EDGE_LOOP('',(#187,#188,#189,#190));
#1207=EDGE_LOOP('',(#191,#192,#193,#194));
#1208=EDGE_LOOP('',(#195,#196,#197,#198));
#1209=EDGE_LOOP('',(#199,#200,#201,#202));
#1210=EDGE_LOOP('',(#203,#204,#205,#206));
#1211=EDGE_LOOP('',(#207,#208,#209,#210));
#1212=EDGE_LOOP('',(#211,#212,#213,#214));
#1213=EDGE_LOOP('',(#215,#216,#217,#218));
#1214=EDGE_LOOP('',(#219,#220,#221,#222));
#1215=EDGE_LOOP('',(#223,#224,#225,#226));
#1216=EDGE_LOOP('',(#227,#228,#229,#230));
#1217=EDGE_LOOP('',(#231,#232,#233,#234));
#1218=EDGE_LOOP('',(#235,#236,#237,#238));
#1219=EDGE_LOOP('',(#239,#240,#241,#242));
#1220=EDGE_LOOP('',(#243,#244,#245,#246));
#1221=EDGE_LOOP('',(#247,#248,#249,#250));
#1222=EDGE_LOOP('',(#251,#252,#253,#254));
#1223=EDGE_LOOP('',(#255,#256,#257,#258));
#1224=EDGE_LOOP('',(#259,#260,#261,#262));
#1225=EDGE_LOOP('',(#263,#264,#265,#266));
#1226=EDGE_LOOP('',(#267,#268,#269,#270));
#1227=EDGE_LOOP('',(#271,#272,#273,#274));
#1228=EDGE_LOOP('',(#275,#276,#277,#278));
#1229=EDGE_LOOP('',(#279,#280,#281,#282));
#1230=EDGE_LOOP('',(#283,#284,#285,#286));
#1231=EDGE_LOOP('',(#287,#288,#289,#290));
#1232=EDGE_LOOP('',(#291,#292,#293,#294));
#1233=EDGE_LOOP('',(#295,#296,#297,#298));
#1234=EDGE_LOOP('',(#299,#300,#301,#302));
#1235=EDGE_LOOP('',(#303,#304,#305,#306));
#1236=EDGE_LOOP('',(#307,#308,#309,#310));
#1237=EDGE_LOOP('',(#311,#312,#313,#314));
#1238=EDGE_LOOP('',(#315,#316,#317,#318));
#1239=EDGE_LOOP('',(#319));
#1240=EDGE_LOOP('',(#320));
#1241=EDGE_LOOP('',(#321,#322,#323,#324));
#1242=EDGE_LOOP('',(#325,#326,#327,#328));
#1243=EDGE_LOOP('',(#329,#330,#331,#332));
#1244=EDGE_LOOP('',(#333,#334,#335,#336));
#1245=EDGE_LOOP('',(#337,#338,#339,#340));
#1246=EDGE_LOOP('',(#341,#342,#343,#344));
#1247=EDGE_LOOP('',(#345,#346,#347,#348));
#1248=EDGE_LOOP('',(#349,#350,#351,#352));
#1249=EDGE_LOOP('',(#353,#354,#355,#356));
#1250=EDGE_LOOP('',(#357,#358,#359,#360,#361,#362,#363,#364));
#1251=EDGE_LOOP('',(#365,#366,#367,#368,#369,#370,#371,#372));
#1252=EDGE_LOOP('',(#373,#374,#375,#376,#377,#378,#379,#380));
#1253=EDGE_LOOP('',(#381,#382,#383,#384,#385,#386,#387,#388));
#1254=EDGE_LOOP('',(#389,#390,#391,#392,#393,#394,#395,#396));
#1255=EDGE_LOOP('',(#397,#398,#399,#400,#401,#402,#403,#404));
#1256=EDGE_LOOP('',(#405,#406,#407,#408));
#1257=EDGE_LOOP('',(#409));
#1258=EDGE_LOOP('',(#410,#411,#412,#413));
#1259=EDGE_LOOP('',(#414));
#1260=EDGE_LOOP('',(#415));
#1261=EDGE_LOOP('',(#416));
#1262=EDGE_LOOP('',(#417));
#1263=EDGE_LOOP('',(#418,#419,#420,#421,#422,#423,#424,#425));
#1264=EDGE_LOOP('',(#426,#427,#428,#429));
#1265=EDGE_LOOP('',(#430,#431,#432,#433));
#1266=EDGE_LOOP('',(#434,#435,#436,#437));
#1267=EDGE_LOOP('',(#438,#439,#440,#441));
#1268=EDGE_LOOP('',(#442,#443,#444));
#1269=EDGE_LOOP('',(#445,#446,#447,#448));
#1270=EDGE_LOOP('',(#449,#450,#451,#452));
#1271=EDGE_LOOP('',(#453,#454,#455));
#1272=EDGE_LOOP('',(#456,#457,#458));
#1273=EDGE_LOOP('',(#459,#460,#461,#462));
#1274=EDGE_LOOP('',(#463,#464,#465,#466));
#1275=EDGE_LOOP('',(#467,#468,#469));
#1276=EDGE_LOOP('',(#470));
#1277=EDGE_LOOP('',(#471));
#1278=EDGE_LOOP('',(#472));
#1279=EDGE_LOOP('',(#473));
#1280=EDGE_LOOP('',(#474));
#1281=EDGE_LOOP('',(#475));
#1282=EDGE_LOOP('',(#476));
#1283=EDGE_LOOP('',(#477));
#1284=EDGE_LOOP('',(#478));
#1285=EDGE_LOOP('',(#479));
#1286=EDGE_LOOP('',(#480));
#1287=EDGE_LOOP('',(#481));
#1288=EDGE_LOOP('',(#482,#483,#484,#485));
#1289=EDGE_LOOP('',(#486,#487,#488,#489));
#1290=EDGE_LOOP('',(#490,#491,#492,#493));
#1291=EDGE_LOOP('',(#494,#495,#496,#497));
#1292=EDGE_LOOP('',(#498));
#1293=EDGE_LOOP('',(#499,#500,#501,#502));
#1294=EDGE_LOOP('',(#503,#504,#505,#506,#507,#508,#509,#510));
#1295=EDGE_LOOP('',(#511,#512,#513,#514,#515,#516,#517,#518));
#1296=EDGE_LOOP('',(#519,#520,#521,#522,#523,#524,#525,#526));
#1297=EDGE_LOOP('',(#527,#528,#529,#530,#531,#532,#533,#534));
#1298=EDGE_LOOP('',(#535,#536,#537,#538,#539,#540,#541,#542));
#1299=EDGE_LOOP('',(#543,#544,#545,#546,#547,#548,#549,#550));
#1300=EDGE_LOOP('',(#551,#552,#553,#554));
#1301=FACE_BOUND('',#1191,.T.);
#1302=FACE_BOUND('',#1192,.T.);
#1303=FACE_BOUND('',#1193,.T.);
#1304=FACE_BOUND('',#1194,.T.);
#1305=FACE_BOUND('',#1195,.T.);
#1306=FACE_BOUND('',#1196,.T.);
#1307=FACE_BOUND('',#1197,.T.);
#1308=FACE_BOUND('',#1198,.T.);
#1309=FACE_BOUND('',#1199,.T.);
#1310=FACE_BOUND('',#1200,.T.);
#1311=FACE_BOUND('',#1201,.T.);
#1312=FACE_BOUND('',#1202,.T.);
#1313=FACE_BOUND('',#1203,.T.);
#1314=FACE_BOUND('',#1204,.T.);
#1315=FACE_BOUND('',#1205,.T.);
#1316=FACE_BOUND('',#1206,.T.);
#1317=FACE_BOUND('',#1207,.T.);
#1318=FACE_BOUND('',#1208,.T.);
#1319=FACE_BOUND('',#1209,.T.);
#1320=FACE_BOUND('',#1210,.T.);
#1321=FACE_BOUND('',#1211,.T.);
#1322=FACE_BOUND('',#1212,.T.);
#1323=FACE_BOUND('',#1213,.T.);
#1324=FACE_BOUND('',#1214,.T.);
#1325=FACE_BOUND('',#1215,.T.);
#1326=FACE_BOUND('',#1216,.T.);
#1327=FACE_BOUND('',#1217,.T.);
#1328=FACE_BOUND('',#1218,.T.);
#1329=FACE_BOUND('',#1219,.T.);
#1330=FACE_BOUND('',#1220,.T.);
#1331=FACE_BOUND('',#1221,.T.);
#1332=FACE_BOUND('',#1222,.T.);
#1333=FACE_BOUND('',#1223,.T.);
#1334=FACE_BOUND('',#1224,.T.);
#1335=FACE_BOUND('',#1225,.T.);
#1336=FACE_BOUND('',#1226,.T.);
#1337=FACE_BOUND('',#1227,.T.);
#1338=FACE_BOUND('',#1228,.T.);
#1339=FACE_BOUND('',#1229,.T.);
#1340=FACE_BOUND('',#1230,.T.);
#1341=FACE_BOUND('',#1231,.T.);
#1342=FACE_BOUND('',#1232,.T.);
#1343=FACE_BOUND('',#1233,.T.);
#1344=FACE_BOUND('',#1234,.T.);
#1345=FACE_BOUND('',#1235,.T.);
#1346=FACE_BOUND('',#1236,.T.);
#1347=FACE_BOUND('',#1237,.T.);
#1348=FACE_BOUND('',#1238,.T.);
#1349=FACE_BOUND('',#1239,.T.);
#1350=FACE_BOUND('',#1240,.T.);
#1351=FACE_BOUND('',#1241,.T.);
#1352=FACE_BOUND('',#1242,.T.);
#1353=FACE_BOUND('',#1243,.T.);
#1354=FACE_BOUND('',#1244,.T.);
#1355=FACE_BOUND('',#1245,.T.);
#1356=FACE_BOUND('',#1246,.T.);
#1357=FACE_BOUND('',#1247,.T.);
#1358=FACE_BOUND('',#1248,.T.);
#1359=FACE_BOUND('',#1249,.T.);
#1360=FACE_BOUND('',#1250,.T.);
#1361=FACE_BOUND('',#1251,.T.);
#1362=FACE_BOUND('',#1252,.T.);
#1363=FACE_BOUND('',#1253,.T.);
#1364=FACE_BOUND('',#1254,.T.);
#1365=FACE_BOUND('',#1255,.T.);
#1366=FACE_BOUND('',#1256,.T.);
#1367=FACE_BOUND('',#1257,.T.);
#1368=FACE_BOUND('',#1258,.T.);
#1369=FACE_BOUND('',#1259,.T.);
#1370=FACE_BOUND('',#1260,.T.);
#1371=FACE_BOUND('',#1261,.T.);
#1372=FACE_BOUND('',#1262,.T.);
#1373=FACE_BOUND('',#1263,.T.);
#1374=FACE_BOUND('',#1264,.T.);
#1375=FACE_BOUND('',#1265,.T.);
#1376=FACE_BOUND('',#1266,.T.);
#1377=FACE_BOUND('',#1267,.T.);
#1378=FACE_BOUND('',#1268,.T.);
#1379=FACE_BOUND('',#1269,.T.);
#1380=FACE_BOUND('',#1270,.T.);
#1381=FACE_BOUND('',#1271,.T.);
#1382=FACE_BOUND('',#1272,.T.);
#1383=FACE_BOUND('',#1273,.T.);
#1384=FACE_BOUND('',#1274,.T.);
#1385=FACE_BOUND('',#1275,.T.);
#1386=FACE_BOUND('',#1276,.T.);
#1387=FACE_BOUND('',#1277,.T.);
#1388=FACE_BOUND('',#1278,.T.);
#1389=FACE_BOUND('',#1279,.T.);
#1390=FACE_BOUND('',#1280,.T.);
#1391=FACE_BOUND('',#1281,.T.);
#1392=FACE_BOUND('',#1282,.T.);
#1393=FACE_BOUND('',#1283,.T.);
#1394=FACE_BOUND('',#1284,.T.);
#1395=FACE_BOUND('',#1285,.T.);
#1396=FACE_BOUND('',#1286,.T.);
#1397=FACE_BOUND('',#1287,.T.);
#1398=FACE_BOUND('',#1288,.T.);
#1399=FACE_BOUND('',#1289,.T.);
#1400=FACE_BOUND('',#1290,.T.);
#1401=FACE_BOUND('',#1291,.T.);
#1402=FACE_BOUND('',#1292,.T.);
#1403=FACE_BOUND('',#1293,.T.);
#1404=FACE_BOUND('',#1294,.T.);
#1405=FACE_BOUND('',#1295,.T.);
#1406=FACE_BOUND('',#1296,.T.);
#1407=FACE_BOUND('',#1297,.T.);
#1408=FACE_BOUND('',#1298,.T.);
#1409=FACE_BOUND('',#1299,.T.);
#1410=FACE_BOUND('',#1300,.T.);
#1411=PLANE('',#1551);
#1412=PLANE('',#1552);
#1413=PLANE('',#1553);
#1414=PLANE('',#1554);
#1415=PLANE('',#1555);
#1416=PLANE('',#1556);
#1417=PLANE('',#1560);
#1418=PLANE('',#1564);
#1419=PLANE('',#1568);
#1420=PLANE('',#1575);
#1421=PLANE('',#1579);
#1422=PLANE('',#1583);
#1423=PLANE('',#1590);
#1424=PLANE('',#1594);
#1425=PLANE('',#1598);
#1426=PLANE('',#1605);
#1427=PLANE('',#1609);
#1428=PLANE('',#1613);
#1429=PLANE('',#1620);
#1430=PLANE('',#1624);
#1431=PLANE('',#1628);
#1432=PLANE('',#1635);
#1433=PLANE('',#1639);
#1434=PLANE('',#1643);
#1435=PLANE('',#1650);
#1436=PLANE('',#1651);
#1437=PLANE('',#1652);
#1438=PLANE('',#1653);
#1439=PLANE('',#1654);
#1440=PLANE('',#1655);
#1441=PLANE('',#1656);
#1442=PLANE('',#1657);
#1443=PLANE('',#1658);
#1444=PLANE('',#1659);
#1445=PLANE('',#1694);
#1446=PLANE('',#1697);
#1447=PLANE('',#1700);
#1448=PLANE('',#1703);
#1449=PLANE('',#1704);
#1450=PLANE('',#1705);
#1451=PLANE('',#1706);
#1452=PLANE('',#1707);
#1453=PLANE('',#1708);
#1454=ADVANCED_FACE('',(#1301),#1411,.T.);
#1455=ADVANCED_FACE('',(#1302),#1412,.F.);
#1456=ADVANCED_FACE('',(#1303),#1413,.F.);
#1457=ADVANCED_FACE('',(#1304),#1414,.T.);
#1458=ADVANCED_FACE('',(#1305),#1415,.F.);
#1459=ADVANCED_FACE('',(#1306),#1416,.F.);
#1460=ADVANCED_FACE('',(#1307),#90,.F.);
#1461=ADVANCED_FACE('',(#1308),#1417,.F.);
#1462=ADVANCED_FACE('',(#1309),#91,.F.);
#1463=ADVANCED_FACE('',(#1310),#1418,.F.);
#1464=ADVANCED_FACE('',(#1311),#92,.F.);
#1465=ADVANCED_FACE('',(#1312),#1419,.T.);
#1466=ADVANCED_FACE('',(#1313),#93,.F.);
#1467=ADVANCED_FACE('',(#1314),#94,.F.);
#1468=ADVANCED_FACE('',(#1315),#1420,.F.);
#1469=ADVANCED_FACE('',(#1316),#95,.F.);
#1470=ADVANCED_FACE('',(#1317),#1421,.F.);
#1471=ADVANCED_FACE('',(#1318),#96,.F.);
#1472=ADVANCED_FACE('',(#1319),#1422,.T.);
#1473=ADVANCED_FACE('',(#1320),#97,.F.);
#1474=ADVANCED_FACE('',(#1321),#98,.F.);
#1475=ADVANCED_FACE('',(#1322),#1423,.F.);
#1476=ADVANCED_FACE('',(#1323),#99,.F.);
#1477=ADVANCED_FACE('',(#1324),#1424,.F.);
#1478=ADVANCED_FACE('',(#1325),#100,.F.);
#1479=ADVANCED_FACE('',(#1326),#1425,.T.);
#1480=ADVANCED_FACE('',(#1327),#101,.F.);
#1481=ADVANCED_FACE('',(#1328),#102,.F.);
#1482=ADVANCED_FACE('',(#1329),#1426,.F.);
#1483=ADVANCED_FACE('',(#1330),#103,.F.);
#1484=ADVANCED_FACE('',(#1331),#1427,.F.);
#1485=ADVANCED_FACE('',(#1332),#104,.F.);
#1486=ADVANCED_FACE('',(#1333),#1428,.T.);
#1487=ADVANCED_FACE('',(#1334),#105,.F.);
#1488=ADVANCED_FACE('',(#1335),#106,.F.);
#1489=ADVANCED_FACE('',(#1336),#1429,.F.);
#1490=ADVANCED_FACE('',(#1337),#107,.F.);
#1491=ADVANCED_FACE('',(#1338),#1430,.F.);
#1492=ADVANCED_FACE('',(#1339),#108,.F.);
#1493=ADVANCED_FACE('',(#1340),#1431,.T.);
#1494=ADVANCED_FACE('',(#1341),#109,.F.);
#1495=ADVANCED_FACE('',(#1342),#110,.F.);
#1496=ADVANCED_FACE('',(#1343),#1432,.F.);
#1497=ADVANCED_FACE('',(#1344),#111,.F.);
#1498=ADVANCED_FACE('',(#1345),#1433,.F.);
#1499=ADVANCED_FACE('',(#1346),#112,.F.);
#1500=ADVANCED_FACE('',(#1347),#1434,.T.);
#1501=ADVANCED_FACE('',(#1348),#113,.F.);
#1502=ADVANCED_FACE('',(#1349,#1350),#114,.F.);
#1503=ADVANCED_FACE('',(#1351),#1435,.T.);
#1504=ADVANCED_FACE('',(#1352),#1436,.T.);
#1505=ADVANCED_FACE('',(#1353),#1437,.T.);
#1506=ADVANCED_FACE('',(#1354),#1438,.T.);
#1507=ADVANCED_FACE('',(#1355),#1439,.T.);
#1508=ADVANCED_FACE('',(#1356),#1440,.T.);
#1509=ADVANCED_FACE('',(#1357),#1441,.T.);
#1510=ADVANCED_FACE('',(#1358),#1442,.T.);
#1511=ADVANCED_FACE('',(#1359,#1360,#1361,#1362,#1363,#1364,#1365,#1366,
#1367),#1443,.T.);
#1512=ADVANCED_FACE('',(#1368,#1369,#1370,#1371,#1372,#1373),#1444,.F.);
#1513=ADVANCED_FACE('',(#1374),#115,.T.);
#1514=ADVANCED_FACE('',(#1375),#116,.T.);
#1515=ADVANCED_FACE('',(#1376),#117,.T.);
#1516=ADVANCED_FACE('',(#1377),#118,.T.);
#1517=ADVANCED_FACE('',(#1378),#12,.T.);
#1518=ADVANCED_FACE('',(#1379),#119,.T.);
#1519=ADVANCED_FACE('',(#1380),#120,.T.);
#1520=ADVANCED_FACE('',(#1381),#13,.T.);
#1521=ADVANCED_FACE('',(#1382),#14,.T.);
#1522=ADVANCED_FACE('',(#1383),#121,.T.);
#1523=ADVANCED_FACE('',(#1384),#122,.T.);
#1524=ADVANCED_FACE('',(#1385),#15,.T.);
#1525=ADVANCED_FACE('',(#1386,#1387),#123,.F.);
#1526=ADVANCED_FACE('',(#1388),#1445,.F.);
#1527=ADVANCED_FACE('',(#1389,#1390),#124,.F.);
#1528=ADVANCED_FACE('',(#1391),#1446,.F.);
#1529=ADVANCED_FACE('',(#1392,#1393),#125,.F.);
#1530=ADVANCED_FACE('',(#1394),#1447,.F.);
#1531=ADVANCED_FACE('',(#1395,#1396),#126,.F.);
#1532=ADVANCED_FACE('',(#1397),#1448,.F.);
#1533=ADVANCED_FACE('',(#1398),#1449,.F.);
#1534=ADVANCED_FACE('',(#1399),#1450,.T.);
#1535=ADVANCED_FACE('',(#1400),#1451,.T.);
#1536=ADVANCED_FACE('',(#1401),#1452,.F.);
#1537=ADVANCED_FACE('',(#1402,#1403,#1404,#1405,#1406,#1407,#1408,#1409,
#1410),#1453,.F.);
#1538=CLOSED_SHELL('',(#1454,#1455,#1456,#1457,#1458,#1459,#1460,#1461,
#1462,#1463,#1464,#1465,#1466,#1467,#1468,#1469,#1470,#1471,#1472,#1473,
#1474,#1475,#1476,#1477,#1478,#1479,#1480,#1481,#1482,#1483,#1484,#1485,
#1486,#1487,#1488,#1489,#1490,#1491,#1492,#1493,#1494,#1495,#1496,#1497,
#1498,#1499,#1500,#1501,#1502,#1503,#1504,#1505,#1506,#1507,#1508,#1509,
#1510,#1511,#1512,#1513,#1514,#1515,#1516,#1517,#1518,#1519,#1520,#1521,
#1522,#1523,#1524,#1525,#1526,#1527,#1528,#1529,#1530,#1531,#1532,#1533,
#1534,#1535,#1536,#1537));
#1539=STYLED_ITEM('',(#1540),#1547);
#1540=PRESENTATION_STYLE_ASSIGNMENT((#1541));
#1541=SURFACE_STYLE_USAGE(.BOTH.,#1542);
#1542=SURFACE_SIDE_STYLE('',(#1543));
#1543=SURFACE_STYLE_FILL_AREA(#1544);
#1544=FILL_AREA_STYLE('',(#1545));
#1545=FILL_AREA_STYLE_COLOUR('',#1546);
#1546=COLOUR_RGB('',0.615686274509804,0.811764705882353,0.929411764705882);
#1547=MANIFOLD_SOLID_BREP('Part 1',#1538);
#1548=SHAPE_DEFINITION_REPRESENTATION(#2614,#1549);
#1549=SHAPE_REPRESENTATION('Part 1',(#1550),#2609);
#1550=AXIS2_PLACEMENT_3D('',#2167,#1709,#1710);
#1551=AXIS2_PLACEMENT_3D('',#2168,#1711,#1712);
#1552=AXIS2_PLACEMENT_3D('',#2177,#1717,#1718);
#1553=AXIS2_PLACEMENT_3D('',#2186,#1723,#1724);
#1554=AXIS2_PLACEMENT_3D('',#2195,#1729,#1730);
#1555=AXIS2_PLACEMENT_3D('',#2204,#1735,#1736);
#1556=AXIS2_PLACEMENT_3D('',#2210,#1740,#1741);
#1557=AXIS2_PLACEMENT_3D('',#2216,#1745,#1746);
#1558=AXIS2_PLACEMENT_3D('',#2217,#1747,#1748);
#1559=AXIS2_PLACEMENT_3D('',#2222,#1750,#1751);
#1560=AXIS2_PLACEMENT_3D('',#2225,#1753,#1754);
#1561=AXIS2_PLACEMENT_3D('',#2231,#1758,#1759);
#1562=AXIS2_PLACEMENT_3D('',#2232,#1760,#1761);
#1563=AXIS2_PLACEMENT_3D('',#2236,#1763,#1764);
#1564=AXIS2_PLACEMENT_3D('',#2237,#1765,#1766);
#1565=AXIS2_PLACEMENT_3D('',#2243,#1770,#1771);
#1566=AXIS2_PLACEMENT_3D('',#2244,#1772,#1773);
#1567=AXIS2_PLACEMENT_3D('',#2248,#1775,#1776);
#1568=AXIS2_PLACEMENT_3D('',#2249,#1777,#1778);
#1569=AXIS2_PLACEMENT_3D('',#2255,#1782,#1783);
#1570=AXIS2_PLACEMENT_3D('',#2256,#1784,#1785);
#1571=AXIS2_PLACEMENT_3D('',#2260,#1787,#1788);
#1572=AXIS2_PLACEMENT_3D('',#2261,#1789,#1790);
#1573=AXIS2_PLACEMENT_3D('',#2262,#1791,#1792);
#1574=AXIS2_PLACEMENT_3D('',#2267,#1794,#1795);
#1575=AXIS2_PLACEMENT_3D('',#2270,#1797,#1798);
#1576=AXIS2_PLACEMENT_3D('',#2276,#1802,#1803);
#1577=AXIS2_PLACEMENT_3D('',#2277,#1804,#1805);
#1578=AXIS2_PLACEMENT_3D('',#2281,#1807,#1808);
#1579=AXIS2_PLACEMENT_3D('',#2282,#1809,#1810);
#1580=AXIS2_PLACEMENT_3D('',#2288,#1814,#1815);
#1581=AXIS2_PLACEMENT_3D('',#2289,#1816,#1817);
#1582=AXIS2_PLACEMENT_3D('',#2293,#1819,#1820);
#1583=AXIS2_PLACEMENT_3D('',#2294,#1821,#1822);
#1584=AXIS2_PLACEMENT_3D('',#2300,#1826,#1827);
#1585=AXIS2_PLACEMENT_3D('',#2301,#1828,#1829);
#1586=AXIS2_PLACEMENT_3D('',#2305,#1831,#1832);
#1587=AXIS2_PLACEMENT_3D('',#2306,#1833,#1834);
#1588=AXIS2_PLACEMENT_3D('',#2307,#1835,#1836);
#1589=AXIS2_PLACEMENT_3D('',#2312,#1838,#1839);
#1590=AXIS2_PLACEMENT_3D('',#2315,#1841,#1842);
#1591=AXIS2_PLACEMENT_3D('',#2321,#1846,#1847);
#1592=AXIS2_PLACEMENT_3D('',#2322,#1848,#1849);
#1593=AXIS2_PLACEMENT_3D('',#2326,#1851,#1852);
#1594=AXIS2_PLACEMENT_3D('',#2327,#1853,#1854);
#1595=AXIS2_PLACEMENT_3D('',#2333,#1858,#1859);
#1596=AXIS2_PLACEMENT_3D('',#2334,#1860,#1861);
#1597=AXIS2_PLACEMENT_3D('',#2338,#1863,#1864);
#1598=AXIS2_PLACEMENT_3D('',#2339,#1865,#1866);
#1599=AXIS2_PLACEMENT_3D('',#2345,#1870,#1871);
#1600=AXIS2_PLACEMENT_3D('',#2346,#1872,#1873);
#1601=AXIS2_PLACEMENT_3D('',#2350,#1875,#1876);
#1602=AXIS2_PLACEMENT_3D('',#2351,#1877,#1878);
#1603=AXIS2_PLACEMENT_3D('',#2352,#1879,#1880);
#1604=AXIS2_PLACEMENT_3D('',#2357,#1882,#1883);
#1605=AXIS2_PLACEMENT_3D('',#2360,#1885,#1886);
#1606=AXIS2_PLACEMENT_3D('',#2366,#1890,#1891);
#1607=AXIS2_PLACEMENT_3D('',#2367,#1892,#1893);
#1608=AXIS2_PLACEMENT_3D('',#2371,#1895,#1896);
#1609=AXIS2_PLACEMENT_3D('',#2372,#1897,#1898);
#1610=AXIS2_PLACEMENT_3D('',#2378,#1902,#1903);
#1611=AXIS2_PLACEMENT_3D('',#2379,#1904,#1905);
#1612=AXIS2_PLACEMENT_3D('',#2383,#1907,#1908);
#1613=AXIS2_PLACEMENT_3D('',#2384,#1909,#1910);
#1614=AXIS2_PLACEMENT_3D('',#2390,#1914,#1915);
#1615=AXIS2_PLACEMENT_3D('',#2391,#1916,#1917);
#1616=AXIS2_PLACEMENT_3D('',#2395,#1919,#1920);
#1617=AXIS2_PLACEMENT_3D('',#2396,#1921,#1922);
#1618=AXIS2_PLACEMENT_3D('',#2397,#1923,#1924);
#1619=AXIS2_PLACEMENT_3D('',#2402,#1926,#1927);
#1620=AXIS2_PLACEMENT_3D('',#2405,#1929,#1930);
#1621=AXIS2_PLACEMENT_3D('',#2411,#1934,#1935);
#1622=AXIS2_PLACEMENT_3D('',#2412,#1936,#1937);
#1623=AXIS2_PLACEMENT_3D('',#2416,#1939,#1940);
#1624=AXIS2_PLACEMENT_3D('',#2417,#1941,#1942);
#1625=AXIS2_PLACEMENT_3D('',#2423,#1946,#1947);
#1626=AXIS2_PLACEMENT_3D('',#2424,#1948,#1949);
#1627=AXIS2_PLACEMENT_3D('',#2428,#1951,#1952);
#1628=AXIS2_PLACEMENT_3D('',#2429,#1953,#1954);
#1629=AXIS2_PLACEMENT_3D('',#2435,#1958,#1959);
#1630=AXIS2_PLACEMENT_3D('',#2436,#1960,#1961);
#1631=AXIS2_PLACEMENT_3D('',#2440,#1963,#1964);
#1632=AXIS2_PLACEMENT_3D('',#2441,#1965,#1966);
#1633=AXIS2_PLACEMENT_3D('',#2442,#1967,#1968);
#1634=AXIS2_PLACEMENT_3D('',#2447,#1970,#1971);
#1635=AXIS2_PLACEMENT_3D('',#2450,#1973,#1974);
#1636=AXIS2_PLACEMENT_3D('',#2456,#1978,#1979);
#1637=AXIS2_PLACEMENT_3D('',#2457,#1980,#1981);
#1638=AXIS2_PLACEMENT_3D('',#2461,#1983,#1984);
#1639=AXIS2_PLACEMENT_3D('',#2462,#1985,#1986);
#1640=AXIS2_PLACEMENT_3D('',#2468,#1990,#1991);
#1641=AXIS2_PLACEMENT_3D('',#2469,#1992,#1993);
#1642=AXIS2_PLACEMENT_3D('',#2473,#1995,#1996);
#1643=AXIS2_PLACEMENT_3D('',#2474,#1997,#1998);
#1644=AXIS2_PLACEMENT_3D('',#2480,#2002,#2003);
#1645=AXIS2_PLACEMENT_3D('',#2481,#2004,#2005);
#1646=AXIS2_PLACEMENT_3D('',#2485,#2007,#2008);
#1647=AXIS2_PLACEMENT_3D('',#2486,#2009,#2010);
#1648=AXIS2_PLACEMENT_3D('',#2487,#2011,#2012);
#1649=AXIS2_PLACEMENT_3D('',#2489,#2013,#2014);
#1650=AXIS2_PLACEMENT_3D('',#2491,#2015,#2016);
#1651=AXIS2_PLACEMENT_3D('',#2494,#2019,#2020);
#1652=AXIS2_PLACEMENT_3D('',#2497,#2023,#2024);
#1653=AXIS2_PLACEMENT_3D('',#2500,#2027,#2028);
#1654=AXIS2_PLACEMENT_3D('',#2503,#2031,#2032);
#1655=AXIS2_PLACEMENT_3D('',#2506,#2035,#2036);
#1656=AXIS2_PLACEMENT_3D('',#2509,#2039,#2040);
#1657=AXIS2_PLACEMENT_3D('',#2512,#2043,#2044);
#1658=AXIS2_PLACEMENT_3D('',#2521,#2049,#2050);
#1659=AXIS2_PLACEMENT_3D('',#2530,#2055,#2056);
#1660=AXIS2_PLACEMENT_3D('',#2539,#2061,#2062);
#1661=AXIS2_PLACEMENT_3D('',#2541,#2063,#2064);
#1662=AXIS2_PLACEMENT_3D('',#2543,#2065,#2066);
#1663=AXIS2_PLACEMENT_3D('',#2545,#2067,#2068);
#1664=AXIS2_PLACEMENT_3D('',#2547,#2069,#2070);
#1665=AXIS2_PLACEMENT_3D('',#2548,#2071,#2072);
#1666=AXIS2_PLACEMENT_3D('',#2549,#2073,#2074);
#1667=AXIS2_PLACEMENT_3D('',#2550,#2075,#2076);
#1668=AXIS2_PLACEMENT_3D('',#2551,#2077,#2078);
#1669=AXIS2_PLACEMENT_3D('',#2552,#2079,#2080);
#1670=AXIS2_PLACEMENT_3D('',#2553,#2081,#2082);
#1671=AXIS2_PLACEMENT_3D('',#2554,#2083,#2084);
#1672=AXIS2_PLACEMENT_3D('',#2555,#2085,#2086);
#1673=AXIS2_PLACEMENT_3D('',#2556,#2087,#2088);
#1674=AXIS2_PLACEMENT_3D('',#2557,#2089,#2090);
#1675=AXIS2_PLACEMENT_3D('',#2558,#2091,#2092);
#1676=AXIS2_PLACEMENT_3D('',#2559,#2093,#2094);
#1677=AXIS2_PLACEMENT_3D('',#2560,#2095,#2096);
#1678=AXIS2_PLACEMENT_3D('',#2561,#2097,#2098);
#1679=AXIS2_PLACEMENT_3D('',#2562,#2099,#2100);
#1680=AXIS2_PLACEMENT_3D('',#2563,#2101,#2102);
#1681=AXIS2_PLACEMENT_3D('',#2564,#2103,#2104);
#1682=AXIS2_PLACEMENT_3D('',#2565,#2105,#2106);
#1683=AXIS2_PLACEMENT_3D('',#2566,#2107,#2108);
#1684=AXIS2_PLACEMENT_3D('',#2567,#2109,#2110);
#1685=AXIS2_PLACEMENT_3D('',#2568,#2111,#2112);
#1686=AXIS2_PLACEMENT_3D('',#2569,#2113,#2114);
#1687=AXIS2_PLACEMENT_3D('',#2570,#2115,#2116);
#1688=AXIS2_PLACEMENT_3D('',#2571,#2117,#2118);
#1689=AXIS2_PLACEMENT_3D('',#2572,#2119,#2120);
#1690=AXIS2_PLACEMENT_3D('',#2573,#2121,#2122);
#1691=AXIS2_PLACEMENT_3D('',#2574,#2123,#2124);
#1692=AXIS2_PLACEMENT_3D('',#2575,#2125,#2126);
#1693=AXIS2_PLACEMENT_3D('',#2576,#2127,#2128);
#1694=AXIS2_PLACEMENT_3D('',#2578,#2129,#2130);
#1695=AXIS2_PLACEMENT_3D('',#2579,#2131,#2132);
#1696=AXIS2_PLACEMENT_3D('',#2580,#2133,#2134);
#1697=AXIS2_PLACEMENT_3D('',#2582,#2135,#2136);
#1698=AXIS2_PLACEMENT_3D('',#2583,#2137,#2138);
#1699=AXIS2_PLACEMENT_3D('',#2584,#2139,#2140);
#1700=AXIS2_PLACEMENT_3D('',#2586,#2141,#2142);
#1701=AXIS2_PLACEMENT_3D('',#2587,#2143,#2144);
#1702=AXIS2_PLACEMENT_3D('',#2588,#2145,#2146);
#1703=AXIS2_PLACEMENT_3D('',#2590,#2147,#2148);
#1704=AXIS2_PLACEMENT_3D('',#2591,#2149,#2150);
#1705=AXIS2_PLACEMENT_3D('',#2597,#2154,#2155);
#1706=AXIS2_PLACEMENT_3D('',#2601,#2158,#2159);
#1707=AXIS2_PLACEMENT_3D('',#2605,#2162,#2163);
#1708=AXIS2_PLACEMENT_3D('',#2607,#2165,#2166);
#1709=DIRECTION('',(0.,0.,1.));
#1710=DIRECTION('',(1.,0.,0.));
#1711=DIRECTION('',(1.,2.79794109028517E-16,0.));
#1712=DIRECTION('',(-2.79794109028517E-16,1.,0.));
#1713=DIRECTION('',(0.,0.,-1.));
#1714=DIRECTION('',(2.79794109028517E-16,-1.,0.));
#1715=DIRECTION('',(0.,0.,-1.));
#1716=DIRECTION('',(2.79794109028517E-16,-1.,0.));
#1717=DIRECTION('',(1.91682152041636E-16,-1.,0.));
#1718=DIRECTION('',(1.,1.91682152041636E-16,0.));
#1719=DIRECTION('',(0.,0.,-1.));
#1720=DIRECTION('',(-1.,-1.91682152041636E-16,0.));
#1721=DIRECTION('',(0.,0.,-1.));
#1722=DIRECTION('',(-1.,-1.91682152041636E-16,0.));
#1723=DIRECTION('',(1.,2.79794109028517E-16,0.));
#1724=DIRECTION('',(-2.79794109028517E-16,1.,0.));
#1725=DIRECTION('',(0.,0.,-1.));
#1726=DIRECTION('',(2.79794109028517E-16,-1.,0.));
#1727=DIRECTION('',(0.,0.,-1.));
#1728=DIRECTION('',(2.79794109028517E-16,-1.,0.));
#1729=DIRECTION('',(1.,0.,0.));
#1730=DIRECTION('',(0.,0.,-1.));
#1731=DIRECTION('',(0.,-1.,0.));
#1732=DIRECTION('',(0.,0.,-1.));
#1733=DIRECTION('',(0.,-1.,0.));
#1734=DIRECTION('',(0.,0.,-1.));
#1735=DIRECTION('',(0.,1.,0.));
#1736=DIRECTION('',(0.,0.,1.));
#1737=DIRECTION('',(1.,0.,0.));
#1738=DIRECTION('',(0.,0.,-1.));
#1739=DIRECTION('',(1.,0.,0.));
#1740=DIRECTION('',(1.,3.18882991907501E-16,0.));
#1741=DIRECTION('',(-3.18882991907501E-16,1.,0.));
#1742=DIRECTION('',(3.18882991907501E-16,-1.,0.));
#1743=DIRECTION('',(0.,0.,-1.));
#1744=DIRECTION('',(3.18882991907501E-16,-1.,0.));
#1745=DIRECTION('',(0.,0.,-1.));
#1746=DIRECTION('',(-1.,0.,0.));
#1747=DIRECTION('',(0.,0.,1.));
#1748=DIRECTION('',(1.,0.,0.));
#1749=DIRECTION('',(0.,0.,-1.));
#1750=DIRECTION('',(0.,0.,1.));
#1751=DIRECTION('',(1.,0.,0.));
#1752=DIRECTION('',(0.,0.,-1.));
#1753=DIRECTION('',(0.,1.,0.));
#1754=DIRECTION('',(0.,0.,1.));
#1755=DIRECTION('',(1.,0.,0.));
#1756=DIRECTION('',(0.,0.,-1.));
#1757=DIRECTION('',(1.,0.,0.));
#1758=DIRECTION('',(0.,0.,-1.));
#1759=DIRECTION('',(-1.,0.,0.));
#1760=DIRECTION('',(0.,0.,1.));
#1761=DIRECTION('',(1.,0.,0.));
#1762=DIRECTION('',(0.,0.,-1.));
#1763=DIRECTION('',(0.,0.,1.));
#1764=DIRECTION('',(1.,0.,0.));
#1765=DIRECTION('',(1.,0.,0.));
#1766=DIRECTION('',(0.,0.,-1.));
#1767=DIRECTION('',(0.,-1.,0.));
#1768=DIRECTION('',(0.,0.,-1.));
#1769=DIRECTION('',(0.,-1.,0.));
#1770=DIRECTION('',(0.,0.,-1.));
#1771=DIRECTION('',(-1.,0.,0.));
#1772=DIRECTION('',(0.,0.,1.));
#1773=DIRECTION('',(1.,0.,0.));
#1774=DIRECTION('',(0.,0.,-1.));
#1775=DIRECTION('',(0.,0.,1.));
#1776=DIRECTION('',(1.,0.,0.));
#1777=DIRECTION('',(0.,1.,0.));
#1778=DIRECTION('',(0.,0.,1.));
#1779=DIRECTION('',(1.,0.,0.));
#1780=DIRECTION('',(0.,0.,-1.));
#1781=DIRECTION('',(1.,0.,0.));
#1782=DIRECTION('',(0.,0.,-1.));
#1783=DIRECTION('',(-1.,0.,0.));
#1784=DIRECTION('',(0.,0.,1.));
#1785=DIRECTION('',(1.,0.,0.));
#1786=DIRECTION('',(0.,0.,-1.));
#1787=DIRECTION('',(0.,0.,1.));
#1788=DIRECTION('',(1.,0.,0.));
#1789=DIRECTION('',(0.,0.,-1.));
#1790=DIRECTION('',(-1.,0.,0.));
#1791=DIRECTION('',(0.,0.,1.));
#1792=DIRECTION('',(1.,0.,0.));
#1793=DIRECTION('',(0.,0.,-1.));
#1794=DIRECTION('',(0.,0.,1.));
#1795=DIRECTION('',(1.,0.,0.));
#1796=DIRECTION('',(0.,0.,-1.));
#1797=DIRECTION('',(0.,1.,0.));
#1798=DIRECTION('',(0.,0.,1.));
#1799=DIRECTION('',(1.,0.,0.));
#1800=DIRECTION('',(0.,0.,-1.));
#1801=DIRECTION('',(1.,0.,0.));
#1802=DIRECTION('',(0.,0.,-1.));
#1803=DIRECTION('',(-1.,0.,0.));
#1804=DIRECTION('',(0.,0.,1.));
#1805=DIRECTION('',(1.,0.,0.));
#1806=DIRECTION('',(0.,0.,-1.));
#1807=DIRECTION('',(0.,0.,1.));
#1808=DIRECTION('',(1.,0.,0.));
#1809=DIRECTION('',(1.,0.,0.));
#1810=DIRECTION('',(0.,0.,-1.));
#1811=DIRECTION('',(0.,-1.,0.));
#1812=DIRECTION('',(0.,0.,-1.));
#1813=DIRECTION('',(0.,-1.,0.));
#1814=DIRECTION('',(0.,0.,-1.));
#1815=DIRECTION('',(-1.,0.,0.));
#1816=DIRECTION('',(0.,0.,1.));
#1817=DIRECTION('',(1.,0.,0.));
#1818=DIRECTION('',(0.,0.,-1.));
#1819=DIRECTION('',(0.,0.,1.));
#1820=DIRECTION('',(1.,0.,0.));
#1821=DIRECTION('',(0.,1.,0.));
#1822=DIRECTION('',(0.,0.,1.));
#1823=DIRECTION('',(1.,0.,0.));
#1824=DIRECTION('',(0.,0.,-1.));
#1825=DIRECTION('',(1.,0.,0.));
#1826=DIRECTION('',(0.,0.,-1.));
#1827=DIRECTION('',(-1.,0.,0.));
#1828=DIRECTION('',(0.,0.,1.));
#1829=DIRECTION('',(1.,0.,0.));
#1830=DIRECTION('',(0.,0.,-1.));
#1831=DIRECTION('',(0.,0.,1.));
#1832=DIRECTION('',(1.,0.,0.));
#1833=DIRECTION('',(0.,0.,-1.));
#1834=DIRECTION('',(-1.,0.,0.));
#1835=DIRECTION('',(0.,0.,1.));
#1836=DIRECTION('',(1.,0.,0.));
#1837=DIRECTION('',(0.,0.,-1.));
#1838=DIRECTION('',(0.,0.,1.));
#1839=DIRECTION('',(1.,0.,0.));
#1840=DIRECTION('',(0.,0.,-1.));
#1841=DIRECTION('',(0.,1.,0.));
#1842=DIRECTION('',(0.,0.,1.));
#1843=DIRECTION('',(1.,0.,0.));
#1844=DIRECTION('',(0.,0.,-1.));
#1845=DIRECTION('',(1.,0.,0.));
#1846=DIRECTION('',(0.,0.,-1.));
#1847=DIRECTION('',(-1.,0.,0.));
#1848=DIRECTION('',(0.,0.,1.));
#1849=DIRECTION('',(1.,0.,0.));
#1850=DIRECTION('',(0.,0.,-1.));
#1851=DIRECTION('',(0.,0.,1.));
#1852=DIRECTION('',(1.,0.,0.));
#1853=DIRECTION('',(1.,0.,0.));
#1854=DIRECTION('',(0.,0.,-1.));
#1855=DIRECTION('',(0.,-1.,0.));
#1856=DIRECTION('',(0.,0.,-1.));
#1857=DIRECTION('',(0.,-1.,0.));
#1858=DIRECTION('',(0.,0.,-1.));
#1859=DIRECTION('',(-1.,0.,0.));
#1860=DIRECTION('',(0.,0.,1.));
#1861=DIRECTION('',(1.,0.,0.));
#1862=DIRECTION('',(0.,0.,-1.));
#1863=DIRECTION('',(0.,0.,1.));
#1864=DIRECTION('',(1.,0.,0.));
#1865=DIRECTION('',(0.,1.,0.));
#1866=DIRECTION('',(0.,0.,1.));
#1867=DIRECTION('',(1.,0.,0.));
#1868=DIRECTION('',(0.,0.,-1.));
#1869=DIRECTION('',(1.,0.,0.));
#1870=DIRECTION('',(0.,0.,-1.));
#1871=DIRECTION('',(-1.,0.,0.));
#1872=DIRECTION('',(0.,0.,1.));
#1873=DIRECTION('',(1.,0.,0.));
#1874=DIRECTION('',(0.,0.,-1.));
#1875=DIRECTION('',(0.,0.,1.));
#1876=DIRECTION('',(1.,0.,0.));
#1877=DIRECTION('',(0.,0.,-1.));
#1878=DIRECTION('',(-1.,0.,0.));
#1879=DIRECTION('',(0.,0.,1.));
#1880=DIRECTION('',(1.,0.,0.));
#1881=DIRECTION('',(0.,0.,-1.));
#1882=DIRECTION('',(0.,0.,1.));
#1883=DIRECTION('',(1.,0.,0.));
#1884=DIRECTION('',(0.,0.,-1.));
#1885=DIRECTION('',(0.,1.,0.));
#1886=DIRECTION('',(0.,0.,1.));
#1887=DIRECTION('',(1.,0.,0.));
#1888=DIRECTION('',(0.,0.,-1.));
#1889=DIRECTION('',(1.,0.,0.));
#1890=DIRECTION('',(0.,0.,-1.));
#1891=DIRECTION('',(-1.,0.,0.));
#1892=DIRECTION('',(0.,0.,1.));
#1893=DIRECTION('',(1.,0.,0.));
#1894=DIRECTION('',(0.,0.,-1.));
#1895=DIRECTION('',(0.,0.,1.));
#1896=DIRECTION('',(1.,0.,0.));
#1897=DIRECTION('',(1.,0.,0.));
#1898=DIRECTION('',(0.,0.,-1.));
#1899=DIRECTION('',(0.,-1.,0.));
#1900=DIRECTION('',(0.,0.,-1.));
#1901=DIRECTION('',(0.,-1.,0.));
#1902=DIRECTION('',(0.,0.,-1.));
#1903=DIRECTION('',(-1.,0.,0.));
#1904=DIRECTION('',(0.,0.,1.));
#1905=DIRECTION('',(1.,0.,0.));
#1906=DIRECTION('',(0.,0.,-1.));
#1907=DIRECTION('',(0.,0.,1.));
#1908=DIRECTION('',(1.,0.,0.));
#1909=DIRECTION('',(0.,1.,0.));
#1910=DIRECTION('',(0.,0.,1.));
#1911=DIRECTION('',(1.,0.,0.));
#1912=DIRECTION('',(0.,0.,-1.));
#1913=DIRECTION('',(1.,0.,0.));
#1914=DIRECTION('',(0.,0.,-1.));
#1915=DIRECTION('',(-1.,0.,0.));
#1916=DIRECTION('',(0.,0.,1.));
#1917=DIRECTION('',(1.,0.,0.));
#1918=DIRECTION('',(0.,0.,-1.));
#1919=DIRECTION('',(0.,0.,1.));
#1920=DIRECTION('',(1.,0.,0.));
#1921=DIRECTION('',(0.,0.,-1.));
#1922=DIRECTION('',(-1.,0.,0.));
#1923=DIRECTION('',(0.,0.,1.));
#1924=DIRECTION('',(1.,0.,0.));
#1925=DIRECTION('',(0.,0.,-1.));
#1926=DIRECTION('',(0.,0.,1.));
#1927=DIRECTION('',(1.,0.,0.));
#1928=DIRECTION('',(0.,0.,-1.));
#1929=DIRECTION('',(0.,1.,0.));
#1930=DIRECTION('',(0.,0.,1.));
#1931=DIRECTION('',(1.,0.,0.));
#1932=DIRECTION('',(0.,0.,-1.));
#1933=DIRECTION('',(1.,0.,0.));
#1934=DIRECTION('',(0.,0.,-1.));
#1935=DIRECTION('',(-1.,0.,0.));
#1936=DIRECTION('',(0.,0.,1.));
#1937=DIRECTION('',(1.,0.,0.));
#1938=DIRECTION('',(0.,0.,-1.));
#1939=DIRECTION('',(0.,0.,1.));
#1940=DIRECTION('',(1.,0.,0.));
#1941=DIRECTION('',(1.,0.,0.));
#1942=DIRECTION('',(0.,0.,-1.));
#1943=DIRECTION('',(0.,-1.,0.));
#1944=DIRECTION('',(0.,0.,-1.));
#1945=DIRECTION('',(0.,-1.,0.));
#1946=DIRECTION('',(0.,0.,-1.));
#1947=DIRECTION('',(-1.,0.,0.));
#1948=DIRECTION('',(0.,0.,1.));
#1949=DIRECTION('',(1.,0.,0.));
#1950=DIRECTION('',(0.,0.,-1.));
#1951=DIRECTION('',(0.,0.,1.));
#1952=DIRECTION('',(1.,0.,0.));
#1953=DIRECTION('',(0.,1.,0.));
#1954=DIRECTION('',(0.,0.,1.));
#1955=DIRECTION('',(1.,0.,0.));
#1956=DIRECTION('',(0.,0.,-1.));
#1957=DIRECTION('',(1.,0.,0.));
#1958=DIRECTION('',(0.,0.,-1.));
#1959=DIRECTION('',(-1.,0.,0.));
#1960=DIRECTION('',(0.,0.,1.));
#1961=DIRECTION('',(1.,0.,0.));
#1962=DIRECTION('',(0.,0.,-1.));
#1963=DIRECTION('',(0.,0.,1.));
#1964=DIRECTION('',(1.,0.,0.));
#1965=DIRECTION('',(0.,0.,-1.));
#1966=DIRECTION('',(-1.,0.,0.));
#1967=DIRECTION('',(0.,0.,1.));
#1968=DIRECTION('',(1.,0.,0.));
#1969=DIRECTION('',(0.,0.,-1.));
#1970=DIRECTION('',(0.,0.,1.));
#1971=DIRECTION('',(1.,0.,0.));
#1972=DIRECTION('',(0.,0.,-1.));
#1973=DIRECTION('',(0.,1.,0.));
#1974=DIRECTION('',(0.,0.,1.));
#1975=DIRECTION('',(1.,0.,0.));
#1976=DIRECTION('',(0.,0.,-1.));
#1977=DIRECTION('',(1.,0.,0.));
#1978=DIRECTION('',(0.,0.,-1.));
#1979=DIRECTION('',(-1.,0.,0.));
#1980=DIRECTION('',(0.,0.,1.));
#1981=DIRECTION('',(1.,0.,0.));
#1982=DIRECTION('',(0.,0.,-1.));
#1983=DIRECTION('',(0.,0.,1.));
#1984=DIRECTION('',(1.,0.,0.));
#1985=DIRECTION('',(1.,0.,0.));
#1986=DIRECTION('',(0.,0.,-1.));
#1987=DIRECTION('',(0.,-1.,0.));
#1988=DIRECTION('',(0.,0.,-1.));
#1989=DIRECTION('',(0.,-1.,0.));
#1990=DIRECTION('',(0.,0.,-1.));
#1991=DIRECTION('',(-1.,0.,0.));
#1992=DIRECTION('',(0.,0.,1.));
#1993=DIRECTION('',(1.,0.,0.));
#1994=DIRECTION('',(0.,0.,-1.));
#1995=DIRECTION('',(0.,0.,1.));
#1996=DIRECTION('',(1.,0.,0.));
#1997=DIRECTION('',(0.,1.,0.));
#1998=DIRECTION('',(0.,0.,1.));
#1999=DIRECTION('',(1.,0.,0.));
#2000=DIRECTION('',(0.,0.,-1.));
#2001=DIRECTION('',(1.,0.,0.));
#2002=DIRECTION('',(0.,0.,-1.));
#2003=DIRECTION('',(-1.,0.,0.));
#2004=DIRECTION('',(0.,0.,1.));
#2005=DIRECTION('',(1.,0.,0.));
#2006=DIRECTION('',(0.,0.,-1.));
#2007=DIRECTION('',(0.,0.,1.));
#2008=DIRECTION('',(1.,0.,0.));
#2009=DIRECTION('',(0.,0.,-1.));
#2010=DIRECTION('',(-1.,0.,0.));
#2011=DIRECTION('',(0.,0.,1.));
#2012=DIRECTION('',(1.,0.,0.));
#2013=DIRECTION('',(0.,0.,1.));
#2014=DIRECTION('',(1.,0.,0.));
#2015=DIRECTION('',(0.,1.,0.));
#2016=DIRECTION('',(0.,0.,1.));
#2017=DIRECTION('',(1.,0.,0.));
#2018=DIRECTION('',(1.,0.,0.));
#2019=DIRECTION('',(1.,0.,0.));
#2020=DIRECTION('',(0.,0.,-1.));
#2021=DIRECTION('',(0.,-1.,0.));
#2022=DIRECTION('',(0.,-1.,0.));
#2023=DIRECTION('',(1.,0.,0.));
#2024=DIRECTION('',(0.,0.,-1.));
#2025=DIRECTION('',(0.,-1.,0.));
#2026=DIRECTION('',(0.,-1.,0.));
#2027=DIRECTION('',(1.,0.,0.));
#2028=DIRECTION('',(0.,0.,-1.));
#2029=DIRECTION('',(0.,-1.,0.));
#2030=DIRECTION('',(0.,-1.,0.));
#2031=DIRECTION('',(1.,0.,0.));
#2032=DIRECTION('',(0.,0.,-1.));
#2033=DIRECTION('',(0.,-1.,0.));
#2034=DIRECTION('',(0.,-1.,0.));
#2035=DIRECTION('',(1.,0.,0.));
#2036=DIRECTION('',(0.,0.,-1.));
#2037=DIRECTION('',(0.,-1.,0.));
#2038=DIRECTION('',(0.,-1.,0.));
#2039=DIRECTION('',(1.,0.,0.));
#2040=DIRECTION('',(0.,0.,-1.));
#2041=DIRECTION('',(0.,-1.,0.));
#2042=DIRECTION('',(0.,-1.,0.));
#2043=DIRECTION('',(1.91682152041636E-16,-1.,0.));
#2044=DIRECTION('',(1.,1.91682152041636E-16,0.));
#2045=DIRECTION('',(0.,0.,-1.));
#2046=DIRECTION('',(-1.,-1.91682152041636E-16,0.));
#2047=DIRECTION('',(0.,0.,-1.));
#2048=DIRECTION('',(-1.,-1.91682152041636E-16,0.));
#2049=DIRECTION('',(0.,0.,1.));
#2050=DIRECTION('',(1.,0.,0.));
#2051=DIRECTION('',(-1.,-1.91682152041636E-16,0.));
#2052=DIRECTION('',(2.79794109028517E-16,-1.,0.));
#2053=DIRECTION('',(-1.,-1.91682152041636E-16,0.));
#2054=DIRECTION('',(2.79794109028517E-16,-1.,0.));
#2055=DIRECTION('',(0.,0.,1.));
#2056=DIRECTION('',(1.,0.,0.));
#2057=DIRECTION('',(-1.,-1.19636101791504E-16,0.));
#2058=DIRECTION('',(2.89120579329468E-16,-1.,0.));
#2059=DIRECTION('',(-1.,-1.19636101791504E-16,0.));
#2060=DIRECTION('',(2.89120579329468E-16,-1.,0.));
#2061=DIRECTION('',(0.,0.,1.));
#2062=DIRECTION('',(1.,0.,0.));
#2063=DIRECTION('',(0.,0.,1.));
#2064=DIRECTION('',(1.,0.,0.));
#2065=DIRECTION('',(0.,0.,1.));
#2066=DIRECTION('',(1.,0.,0.));
#2067=DIRECTION('',(0.,0.,1.));
#2068=DIRECTION('',(1.,0.,0.));
#2069=DIRECTION('',(0.,0.,1.));
#2070=DIRECTION('',(1.,0.,0.));
#2071=DIRECTION('',(0.,0.,1.));
#2072=DIRECTION('',(1.,0.,0.));
#2073=DIRECTION('',(0.,0.,1.));
#2074=DIRECTION('',(1.,0.,0.));
#2075=DIRECTION('',(0.,0.,1.));
#2076=DIRECTION('',(1.,0.,0.));
#2077=DIRECTION('',(0.,0.,1.));
#2078=DIRECTION('',(1.,0.,0.));
#2079=DIRECTION('',(0.,0.,1.));
#2080=DIRECTION('',(1.,0.,0.));
#2081=DIRECTION('',(0.,0.,-1.));
#2082=DIRECTION('',(-1.,0.,0.));
#2083=DIRECTION('',(0.,0.,-1.));
#2084=DIRECTION('',(-1.,0.,0.));
#2085=DIRECTION('',(0.,0.,1.));
#2086=DIRECTION('',(1.,0.,0.));
#2087=DIRECTION('',(0.,0.,1.));
#2088=DIRECTION('',(1.,0.,0.));
#2089=DIRECTION('',(0.,0.,-1.));
#2090=DIRECTION('',(-1.,0.,0.));
#2091=DIRECTION('',(0.,0.,-1.));
#2092=DIRECTION('',(-1.,0.,0.));
#2093=DIRECTION('',(0.,0.,1.));
#2094=DIRECTION('',(1.,0.,0.));
#2095=DIRECTION('',(1.,0.,0.));
#2096=DIRECTION('',(0.,0.,-1.));
#2097=DIRECTION('',(0.,-1.,0.));
#2098=DIRECTION('',(0.,0.,-1.));
#2099=DIRECTION('',(-2.79794109028517E-16,1.,0.));
#2100=DIRECTION('',(-1.,-2.79794109028517E-16,0.));
#2101=DIRECTION('',(0.,-1.,0.));
#2102=DIRECTION('',(0.,0.,-1.));
#2103=DIRECTION('',(1.,1.91682152041636E-16,0.));
#2104=DIRECTION('',(-1.91682152041636E-16,1.,0.));
#2105=DIRECTION('',(1.,0.,0.));
#2106=DIRECTION('',(0.,0.,-1.));
#2107=DIRECTION('',(0.,0.,1.));
#2108=DIRECTION('',(1.,0.,0.));
#2109=DIRECTION('',(1.,0.,0.));
#2110=DIRECTION('',(0.,0.,-1.));
#2111=DIRECTION('',(0.,0.,1.));
#2112=DIRECTION('',(1.,0.,0.));
#2113=DIRECTION('',(0.,-1.,0.));
#2114=DIRECTION('',(0.,0.,-1.));
#2115=DIRECTION('',(-1.,-1.91682152041636E-16,0.));
#2116=DIRECTION('',(1.91682152041636E-16,-1.,0.));
#2117=DIRECTION('',(1.,0.,0.));
#2118=DIRECTION('',(0.,0.,-1.));
#2119=DIRECTION('',(2.79794109028517E-16,-1.,0.));
#2120=DIRECTION('',(1.,2.79794109028517E-16,0.));
#2121=DIRECTION('',(0.,-1.,0.));
#2122=DIRECTION('',(0.,0.,-1.));
#2123=DIRECTION('',(0.,0.,1.));
#2124=DIRECTION('',(1.,0.,0.));
#2125=DIRECTION('',(0.,0.,-1.));
#2126=DIRECTION('',(-1.,0.,0.));
#2127=DIRECTION('',(0.,0.,1.));
#2128=DIRECTION('',(1.,0.,0.));
#2129=DIRECTION('',(0.,0.,1.));
#2130=DIRECTION('',(1.,0.,0.));
#2131=DIRECTION('',(0.,0.,-1.));
#2132=DIRECTION('',(-1.,0.,0.));
#2133=DIRECTION('',(0.,0.,1.));
#2134=DIRECTION('',(1.,0.,0.));
#2135=DIRECTION('',(0.,0.,1.));
#2136=DIRECTION('',(1.,0.,0.));
#2137=DIRECTION('',(0.,0.,-1.));
#2138=DIRECTION('',(-1.,0.,0.));
#2139=DIRECTION('',(0.,0.,1.));
#2140=DIRECTION('',(1.,0.,0.));
#2141=DIRECTION('',(0.,0.,1.));
#2142=DIRECTION('',(1.,0.,0.));
#2143=DIRECTION('',(0.,0.,-1.));
#2144=DIRECTION('',(-1.,0.,0.));
#2145=DIRECTION('',(0.,0.,1.));
#2146=DIRECTION('',(1.,0.,0.));
#2147=DIRECTION('',(0.,0.,1.));
#2148=DIRECTION('',(1.,0.,0.));
#2149=DIRECTION('',(1.,2.89120579329468E-16,0.));
#2150=DIRECTION('',(-2.89120579329468E-16,1.,0.));
#2151=DIRECTION('',(0.,0.,-1.));
#2152=DIRECTION('',(2.89120579329468E-16,-1.,0.));
#2153=DIRECTION('',(0.,0.,-1.));
#2154=DIRECTION('',(1.19636101791504E-16,-1.,0.));
#2155=DIRECTION('',(1.,1.19636101791504E-16,0.));
#2156=DIRECTION('',(-1.,-1.19636101791504E-16,0.));
#2157=DIRECTION('',(0.,0.,-1.));
#2158=DIRECTION('',(1.,2.89120579329468E-16,0.));
#2159=DIRECTION('',(-2.89120579329468E-16,1.,0.));
#2160=DIRECTION('',(2.89120579329468E-16,-1.,0.));
#2161=DIRECTION('',(0.,0.,-1.));
#2162=DIRECTION('',(1.19636101791504E-16,-1.,0.));
#2163=DIRECTION('',(1.,1.19636101791504E-16,0.));
#2164=DIRECTION('',(-1.,-1.19636101791504E-16,0.));
#2165=DIRECTION('',(0.,0.,1.));
#2166=DIRECTION('',(1.,0.,0.));
#2167=CARTESIAN_POINT('',(0.,0.,0.));
#2168=CARTESIAN_POINT('',(0.0364,-0.005,0.005));
#2169=CARTESIAN_POINT('',(0.0364,0.0297,0.005));
#2170=CARTESIAN_POINT('',(0.0364,0.0297,0.));
#2171=CARTESIAN_POINT('',(0.0364,0.0297,0.0025));
#2172=CARTESIAN_POINT('',(0.0364,-0.005,0.0025));
#2173=CARTESIAN_POINT('',(0.0364,-0.0397,0.0025));
#2174=CARTESIAN_POINT('',(0.0364,-0.0397,0.005));
#2175=CARTESIAN_POINT('',(0.0364,-0.0397,0.));
#2176=CARTESIAN_POINT('',(0.0364,-0.005,0.));
#2177=CARTESIAN_POINT('',(0.000199999999999957,0.0322,0.005));
#2178=CARTESIAN_POINT('',(-0.0335,0.0322,0.005));
#2179=CARTESIAN_POINT('',(-0.0335,0.0322,0.));
#2180=CARTESIAN_POINT('',(-0.0335,0.0322,0.0025));
#2181=CARTESIAN_POINT('',(0.0339,0.0322,0.0025));
#2182=CARTESIAN_POINT('',(0.0339,0.0322,0.0025));
#2183=CARTESIAN_POINT('',(0.0339,0.0322,0.));
#2184=CARTESIAN_POINT('',(0.0339,0.0322,0.));
#2185=CARTESIAN_POINT('',(0.000199999999999957,0.0322,0.));
#2186=CARTESIAN_POINT('',(-0.036,-0.005,0.005));
#2187=CARTESIAN_POINT('',(-0.036,-0.0397,0.005));
#2188=CARTESIAN_POINT('',(-0.036,-0.0397,0.));
#2189=CARTESIAN_POINT('',(-0.036,-0.0397,0.0025));
#2190=CARTESIAN_POINT('',(-0.036,0.0297,0.0025));
#2191=CARTESIAN_POINT('',(-0.036,0.0297,0.0025));
#2192=CARTESIAN_POINT('',(-0.036,0.0297,0.005));
#2193=CARTESIAN_POINT('',(-0.036,0.0297,0.));
#2194=CARTESIAN_POINT('',(-0.036,-0.005,0.));
#2195=CARTESIAN_POINT('',(-0.0213,0.0143,0.005));
#2196=CARTESIAN_POINT('',(-0.0213,0.0143,0.0025));
#2197=CARTESIAN_POINT('',(-0.0213,0.0177,0.0025));
#2198=CARTESIAN_POINT('',(-0.0213,0.0109,0.0025));
#2199=CARTESIAN_POINT('',(-0.0213,0.0177,0.005));
#2200=CARTESIAN_POINT('',(-0.0213,0.0177,0.005));
#2201=CARTESIAN_POINT('',(-0.0213,0.0143,0.005));
#2202=CARTESIAN_POINT('',(-0.0213,0.0109,0.005));
#2203=CARTESIAN_POINT('',(-0.0213,0.0109,0.005));
#2204=CARTESIAN_POINT('',(-0.00905,0.0177,0.005));
#2205=CARTESIAN_POINT('',(-0.00905,0.0177,0.0025));
#2206=CARTESIAN_POINT('',(0.00319999999999996,0.0177,0.0025));
#2207=CARTESIAN_POINT('',(0.00319999999999996,0.0177,0.005));
#2208=CARTESIAN_POINT('',(0.00319999999999996,0.0177,0.005));
#2209=CARTESIAN_POINT('',(-0.00905,0.0177,0.005));
#2210=CARTESIAN_POINT('',(0.00319999999999996,0.0143,0.005));
#2211=CARTESIAN_POINT('',(0.00319999999999996,0.0143,0.0025));
#2212=CARTESIAN_POINT('',(0.00319999999999996,0.0109,0.0025));
#2213=CARTESIAN_POINT('',(0.00319999999999996,0.0109,0.005));
#2214=CARTESIAN_POINT('',(0.00319999999999996,0.0109,0.005));
#2215=CARTESIAN_POINT('',(0.00319999999999996,0.0143,0.005));
#2216=CARTESIAN_POINT('',(0.01275,-0.015935,0.005));
#2217=CARTESIAN_POINT('',(0.01275,-0.015935,0.0025));
#2218=CARTESIAN_POINT('',(0.01275,-0.015435,0.0025));
#2219=CARTESIAN_POINT('',(0.01225,-0.015935,0.0025));
#2220=CARTESIAN_POINT('',(0.01275,-0.015435,0.005));
#2221=CARTESIAN_POINT('',(0.01275,-0.015435,0.005));
#2222=CARTESIAN_POINT('',(0.01275,-0.015935,0.005));
#2223=CARTESIAN_POINT('',(0.01225,-0.015935,0.005));
#2224=CARTESIAN_POINT('',(0.01225,-0.015935,0.005));
#2225=CARTESIAN_POINT('',(0.01925,-0.015435,0.005));
#2226=CARTESIAN_POINT('',(0.01925,-0.015435,0.0025));
#2227=CARTESIAN_POINT('',(0.02575,-0.015435,0.0025));
#2228=CARTESIAN_POINT('',(0.02575,-0.015435,0.005));
#2229=CARTESIAN_POINT('',(0.02575,-0.015435,0.005));
#2230=CARTESIAN_POINT('',(0.01925,-0.015435,0.005));
#2231=CARTESIAN_POINT('',(0.02575,-0.015935,0.005));
#2232=CARTESIAN_POINT('',(0.02575,-0.015935,0.0025));
#2233=CARTESIAN_POINT('',(0.02625,-0.015935,0.0025));
#2234=CARTESIAN_POINT('',(0.02625,-0.015935,0.005));
#2235=CARTESIAN_POINT('',(0.02625,-0.015935,0.005));
#2236=CARTESIAN_POINT('',(0.02575,-0.015935,0.005));
#2237=CARTESIAN_POINT('',(0.02625,-0.022435,0.005));
#2238=CARTESIAN_POINT('',(0.02625,-0.022435,0.0025));
#2239=CARTESIAN_POINT('',(0.02625,-0.028935,0.0025));
#2240=CARTESIAN_POINT('',(0.02625,-0.028935,0.005));
#2241=CARTESIAN_POINT('',(0.02625,-0.028935,0.005));
#2242=CARTESIAN_POINT('',(0.02625,-0.022435,0.005));
#2243=CARTESIAN_POINT('',(0.02575,-0.028935,0.005));
#2244=CARTESIAN_POINT('',(0.02575,-0.028935,0.0025));
#2245=CARTESIAN_POINT('',(0.02575,-0.029435,0.0025));
#2246=CARTESIAN_POINT('',(0.02575,-0.029435,0.005));
#2247=CARTESIAN_POINT('',(0.02575,-0.029435,0.005));
#2248=CARTESIAN_POINT('',(0.02575,-0.028935,0.005));
#2249=CARTESIAN_POINT('',(0.01925,-0.029435,0.005));
#2250=CARTESIAN_POINT('',(0.01925,-0.029435,0.0025));
#2251=CARTESIAN_POINT('',(0.01275,-0.029435,0.0025));
#2252=CARTESIAN_POINT('',(0.01275,-0.029435,0.005));
#2253=CARTESIAN_POINT('',(0.01275,-0.029435,0.005));
#2254=CARTESIAN_POINT('',(0.01925,-0.029435,0.005));
#2255=CARTESIAN_POINT('',(0.01275,-0.028935,0.005));
#2256=CARTESIAN_POINT('',(0.01275,-0.028935,0.0025));
#2257=CARTESIAN_POINT('',(0.01225,-0.028935,0.0025));
#2258=CARTESIAN_POINT('',(0.01225,-0.028935,0.005));
#2259=CARTESIAN_POINT('',(0.01225,-0.028935,0.005));
#2260=CARTESIAN_POINT('',(0.01275,-0.028935,0.005));
#2261=CARTESIAN_POINT('',(-0.0063,-0.015935,0.005));
#2262=CARTESIAN_POINT('',(-0.0063,-0.015935,0.0025));
#2263=CARTESIAN_POINT('',(-0.0063,-0.015435,0.0025));
#2264=CARTESIAN_POINT('',(-0.0068,-0.015935,0.0025));
#2265=CARTESIAN_POINT('',(-0.0063,-0.015435,0.005));
#2266=CARTESIAN_POINT('',(-0.0063,-0.015435,0.005));
#2267=CARTESIAN_POINT('',(-0.0063,-0.015935,0.005));
#2268=CARTESIAN_POINT('',(-0.0068,-0.015935,0.005));
#2269=CARTESIAN_POINT('',(-0.0068,-0.015935,0.005));
#2270=CARTESIAN_POINT('',(0.0002,-0.015435,0.005));
#2271=CARTESIAN_POINT('',(0.0002,-0.015435,0.0025));
#2272=CARTESIAN_POINT('',(0.0067,-0.015435,0.0025));
#2273=CARTESIAN_POINT('',(0.0067,-0.015435,0.005));
#2274=CARTESIAN_POINT('',(0.0067,-0.015435,0.005));
#2275=CARTESIAN_POINT('',(0.0002,-0.015435,0.005));
#2276=CARTESIAN_POINT('',(0.0067,-0.015935,0.005));
#2277=CARTESIAN_POINT('',(0.0067,-0.015935,0.0025));
#2278=CARTESIAN_POINT('',(0.0072,-0.015935,0.0025));
#2279=CARTESIAN_POINT('',(0.0072,-0.015935,0.005));
#2280=CARTESIAN_POINT('',(0.0072,-0.015935,0.005));
#2281=CARTESIAN_POINT('',(0.0067,-0.015935,0.005));
#2282=CARTESIAN_POINT('',(0.0072,-0.022435,0.005));
#2283=CARTESIAN_POINT('',(0.0072,-0.022435,0.0025));
#2284=CARTESIAN_POINT('',(0.0072,-0.028935,0.0025));
#2285=CARTESIAN_POINT('',(0.0072,-0.028935,0.005));
#2286=CARTESIAN_POINT('',(0.0072,-0.028935,0.005));
#2287=CARTESIAN_POINT('',(0.0072,-0.022435,0.005));
#2288=CARTESIAN_POINT('',(0.0067,-0.028935,0.005));
#2289=CARTESIAN_POINT('',(0.0067,-0.028935,0.0025));
#2290=CARTESIAN_POINT('',(0.0067,-0.029435,0.0025));
#2291=CARTESIAN_POINT('',(0.0067,-0.029435,0.005));
#2292=CARTESIAN_POINT('',(0.0067,-0.029435,0.005));
#2293=CARTESIAN_POINT('',(0.0067,-0.028935,0.005));
#2294=CARTESIAN_POINT('',(0.0002,-0.029435,0.005));
#2295=CARTESIAN_POINT('',(0.0002,-0.029435,0.0025));
#2296=CARTESIAN_POINT('',(-0.0063,-0.029435,0.0025));
#2297=CARTESIAN_POINT('',(-0.0063,-0.029435,0.005));
#2298=CARTESIAN_POINT('',(-0.0063,-0.029435,0.005));
#2299=CARTESIAN_POINT('',(0.0002,-0.029435,0.005));
#2300=CARTESIAN_POINT('',(-0.0063,-0.028935,0.005));
#2301=CARTESIAN_POINT('',(-0.0063,-0.028935,0.0025));
#2302=CARTESIAN_POINT('',(-0.0068,-0.028935,0.0025));
#2303=CARTESIAN_POINT('',(-0.0068,-0.028935,0.005));
#2304=CARTESIAN_POINT('',(-0.0068,-0.028935,0.005));
#2305=CARTESIAN_POINT('',(-0.0063,-0.028935,0.005));
#2306=CARTESIAN_POINT('',(-0.02535,-0.015935,0.005));
#2307=CARTESIAN_POINT('',(-0.02535,-0.015935,0.0025));
#2308=CARTESIAN_POINT('',(-0.02535,-0.015435,0.0025));
#2309=CARTESIAN_POINT('',(-0.02585,-0.015935,0.0025));
#2310=CARTESIAN_POINT('',(-0.02535,-0.015435,0.005));
#2311=CARTESIAN_POINT('',(-0.02535,-0.015435,0.005));
#2312=CARTESIAN_POINT('',(-0.02535,-0.015935,0.005));
#2313=CARTESIAN_POINT('',(-0.02585,-0.015935,0.005));
#2314=CARTESIAN_POINT('',(-0.02585,-0.015935,0.005));
#2315=CARTESIAN_POINT('',(-0.01885,-0.015435,0.005));
#2316=CARTESIAN_POINT('',(-0.01885,-0.015435,0.0025));
#2317=CARTESIAN_POINT('',(-0.01235,-0.015435,0.0025));
#2318=CARTESIAN_POINT('',(-0.01235,-0.015435,0.005));
#2319=CARTESIAN_POINT('',(-0.01235,-0.015435,0.005));
#2320=CARTESIAN_POINT('',(-0.01885,-0.015435,0.005));
#2321=CARTESIAN_POINT('',(-0.01235,-0.015935,0.005));
#2322=CARTESIAN_POINT('',(-0.01235,-0.015935,0.0025));
#2323=CARTESIAN_POINT('',(-0.01185,-0.015935,0.0025));
#2324=CARTESIAN_POINT('',(-0.01185,-0.015935,0.005));
#2325=CARTESIAN_POINT('',(-0.01185,-0.015935,0.005));
#2326=CARTESIAN_POINT('',(-0.01235,-0.015935,0.005));
#2327=CARTESIAN_POINT('',(-0.01185,-0.022435,0.005));
#2328=CARTESIAN_POINT('',(-0.01185,-0.022435,0.0025));
#2329=CARTESIAN_POINT('',(-0.01185,-0.028935,0.0025));
#2330=CARTESIAN_POINT('',(-0.01185,-0.028935,0.005));
#2331=CARTESIAN_POINT('',(-0.01185,-0.028935,0.005));
#2332=CARTESIAN_POINT('',(-0.01185,-0.022435,0.005));
#2333=CARTESIAN_POINT('',(-0.01235,-0.028935,0.005));
#2334=CARTESIAN_POINT('',(-0.01235,-0.028935,0.0025));
#2335=CARTESIAN_POINT('',(-0.01235,-0.029435,0.0025));
#2336=CARTESIAN_POINT('',(-0.01235,-0.029435,0.005));
#2337=CARTESIAN_POINT('',(-0.01235,-0.029435,0.005));
#2338=CARTESIAN_POINT('',(-0.01235,-0.028935,0.005));
#2339=CARTESIAN_POINT('',(-0.01885,-0.029435,0.005));
#2340=CARTESIAN_POINT('',(-0.01885,-0.029435,0.0025));
#2341=CARTESIAN_POINT('',(-0.02535,-0.029435,0.0025));
#2342=CARTESIAN_POINT('',(-0.02535,-0.029435,0.005));
#2343=CARTESIAN_POINT('',(-0.02535,-0.029435,0.005));
#2344=CARTESIAN_POINT('',(-0.01885,-0.029435,0.005));
#2345=CARTESIAN_POINT('',(-0.02535,-0.028935,0.005));
#2346=CARTESIAN_POINT('',(-0.02535,-0.028935,0.0025));
#2347=CARTESIAN_POINT('',(-0.02585,-0.028935,0.0025));
#2348=CARTESIAN_POINT('',(-0.02585,-0.028935,0.005));
#2349=CARTESIAN_POINT('',(-0.02585,-0.028935,0.005));
#2350=CARTESIAN_POINT('',(-0.02535,-0.028935,0.005));
#2351=CARTESIAN_POINT('',(0.01275,0.003115,0.005));
#2352=CARTESIAN_POINT('',(0.01275,0.003115,0.0025));
#2353=CARTESIAN_POINT('',(0.01275,0.003615,0.0025));
#2354=CARTESIAN_POINT('',(0.01225,0.003115,0.0025));
#2355=CARTESIAN_POINT('',(0.01275,0.003615,0.005));
#2356=CARTESIAN_POINT('',(0.01275,0.003615,0.005));
#2357=CARTESIAN_POINT('',(0.01275,0.003115,0.005));
#2358=CARTESIAN_POINT('',(0.01225,0.003115,0.005));
#2359=CARTESIAN_POINT('',(0.01225,0.003115,0.005));
#2360=CARTESIAN_POINT('',(0.01925,0.003615,0.005));
#2361=CARTESIAN_POINT('',(0.01925,0.003615,0.0025));
#2362=CARTESIAN_POINT('',(0.02575,0.003615,0.0025));
#2363=CARTESIAN_POINT('',(0.02575,0.003615,0.005));
#2364=CARTESIAN_POINT('',(0.02575,0.003615,0.005));
#2365=CARTESIAN_POINT('',(0.01925,0.003615,0.005));
#2366=CARTESIAN_POINT('',(0.02575,0.003115,0.005));
#2367=CARTESIAN_POINT('',(0.02575,0.003115,0.0025));
#2368=CARTESIAN_POINT('',(0.02625,0.003115,0.0025));
#2369=CARTESIAN_POINT('',(0.02625,0.003115,0.005));
#2370=CARTESIAN_POINT('',(0.02625,0.003115,0.005));
#2371=CARTESIAN_POINT('',(0.02575,0.003115,0.005));
#2372=CARTESIAN_POINT('',(0.02625,-0.003385,0.005));
#2373=CARTESIAN_POINT('',(0.02625,-0.003385,0.0025));
#2374=CARTESIAN_POINT('',(0.02625,-0.009885,0.0025));
#2375=CARTESIAN_POINT('',(0.02625,-0.009885,0.005));
#2376=CARTESIAN_POINT('',(0.02625,-0.009885,0.005));
#2377=CARTESIAN_POINT('',(0.02625,-0.003385,0.005));
#2378=CARTESIAN_POINT('',(0.02575,-0.009885,0.005));
#2379=CARTESIAN_POINT('',(0.02575,-0.009885,0.0025));
#2380=CARTESIAN_POINT('',(0.02575,-0.010385,0.0025));
#2381=CARTESIAN_POINT('',(0.02575,-0.010385,0.005));
#2382=CARTESIAN_POINT('',(0.02575,-0.010385,0.005));
#2383=CARTESIAN_POINT('',(0.02575,-0.009885,0.005));
#2384=CARTESIAN_POINT('',(0.01925,-0.010385,0.005));
#2385=CARTESIAN_POINT('',(0.01925,-0.010385,0.0025));
#2386=CARTESIAN_POINT('',(0.01275,-0.010385,0.0025));
#2387=CARTESIAN_POINT('',(0.01275,-0.010385,0.005));
#2388=CARTESIAN_POINT('',(0.01275,-0.010385,0.005));
#2389=CARTESIAN_POINT('',(0.01925,-0.010385,0.005));
#2390=CARTESIAN_POINT('',(0.01275,-0.009885,0.005));
#2391=CARTESIAN_POINT('',(0.01275,-0.009885,0.0025));
#2392=CARTESIAN_POINT('',(0.01225,-0.009885,0.0025));
#2393=CARTESIAN_POINT('',(0.01225,-0.009885,0.005));
#2394=CARTESIAN_POINT('',(0.01225,-0.009885,0.005));
#2395=CARTESIAN_POINT('',(0.01275,-0.009885,0.005));
#2396=CARTESIAN_POINT('',(-0.0063,0.003115,0.005));
#2397=CARTESIAN_POINT('',(-0.0063,0.003115,0.0025));
#2398=CARTESIAN_POINT('',(-0.0063,0.003615,0.0025));
#2399=CARTESIAN_POINT('',(-0.0068,0.003115,0.0025));
#2400=CARTESIAN_POINT('',(-0.0063,0.003615,0.005));
#2401=CARTESIAN_POINT('',(-0.0063,0.003615,0.005));
#2402=CARTESIAN_POINT('',(-0.0063,0.003115,0.005));
#2403=CARTESIAN_POINT('',(-0.0068,0.003115,0.005));
#2404=CARTESIAN_POINT('',(-0.0068,0.003115,0.005));
#2405=CARTESIAN_POINT('',(0.0002,0.003615,0.005));
#2406=CARTESIAN_POINT('',(0.0002,0.003615,0.0025));
#2407=CARTESIAN_POINT('',(0.0067,0.003615,0.0025));
#2408=CARTESIAN_POINT('',(0.0067,0.003615,0.005));
#2409=CARTESIAN_POINT('',(0.0067,0.003615,0.005));
#2410=CARTESIAN_POINT('',(0.0002,0.003615,0.005));
#2411=CARTESIAN_POINT('',(0.0067,0.003115,0.005));
#2412=CARTESIAN_POINT('',(0.0067,0.003115,0.0025));
#2413=CARTESIAN_POINT('',(0.0072,0.003115,0.0025));
#2414=CARTESIAN_POINT('',(0.0072,0.003115,0.005));
#2415=CARTESIAN_POINT('',(0.0072,0.003115,0.005));
#2416=CARTESIAN_POINT('',(0.0067,0.003115,0.005));
#2417=CARTESIAN_POINT('',(0.0072,-0.003385,0.005));
#2418=CARTESIAN_POINT('',(0.0072,-0.003385,0.0025));
#2419=CARTESIAN_POINT('',(0.0072,-0.009885,0.0025));
#2420=CARTESIAN_POINT('',(0.0072,-0.009885,0.005));
#2421=CARTESIAN_POINT('',(0.0072,-0.009885,0.005));
#2422=CARTESIAN_POINT('',(0.0072,-0.003385,0.005));
#2423=CARTESIAN_POINT('',(0.0067,-0.009885,0.005));
#2424=CARTESIAN_POINT('',(0.0067,-0.009885,0.0025));
#2425=CARTESIAN_POINT('',(0.0067,-0.010385,0.0025));
#2426=CARTESIAN_POINT('',(0.0067,-0.010385,0.005));
#2427=CARTESIAN_POINT('',(0.0067,-0.010385,0.005));
#2428=CARTESIAN_POINT('',(0.0067,-0.009885,0.005));
#2429=CARTESIAN_POINT('',(0.0002,-0.010385,0.005));
#2430=CARTESIAN_POINT('',(0.0002,-0.010385,0.0025));
#2431=CARTESIAN_POINT('',(-0.0063,-0.010385,0.0025));
#2432=CARTESIAN_POINT('',(-0.0063,-0.010385,0.005));
#2433=CARTESIAN_POINT('',(-0.0063,-0.010385,0.005));
#2434=CARTESIAN_POINT('',(0.0002,-0.010385,0.005));
#2435=CARTESIAN_POINT('',(-0.0063,-0.009885,0.005));
#2436=CARTESIAN_POINT('',(-0.0063,-0.009885,0.0025));
#2437=CARTESIAN_POINT('',(-0.0068,-0.009885,0.0025));
#2438=CARTESIAN_POINT('',(-0.0068,-0.009885,0.005));
#2439=CARTESIAN_POINT('',(-0.0068,-0.009885,0.005));
#2440=CARTESIAN_POINT('',(-0.0063,-0.009885,0.005));
#2441=CARTESIAN_POINT('',(-0.02535,0.003115,0.005));
#2442=CARTESIAN_POINT('',(-0.02535,0.003115,0.0025));
#2443=CARTESIAN_POINT('',(-0.02535,0.003615,0.0025));
#2444=CARTESIAN_POINT('',(-0.02585,0.003115,0.0025));
#2445=CARTESIAN_POINT('',(-0.02535,0.003615,0.005));
#2446=CARTESIAN_POINT('',(-0.02535,0.003615,0.005));
#2447=CARTESIAN_POINT('',(-0.02535,0.003115,0.005));
#2448=CARTESIAN_POINT('',(-0.02585,0.003115,0.005));
#2449=CARTESIAN_POINT('',(-0.02585,0.003115,0.005));
#2450=CARTESIAN_POINT('',(-0.01885,0.003615,0.005));
#2451=CARTESIAN_POINT('',(-0.01885,0.003615,0.0025));
#2452=CARTESIAN_POINT('',(-0.01235,0.003615,0.0025));
#2453=CARTESIAN_POINT('',(-0.01235,0.003615,0.005));
#2454=CARTESIAN_POINT('',(-0.01235,0.003615,0.005));
#2455=CARTESIAN_POINT('',(-0.01885,0.003615,0.005));
#2456=CARTESIAN_POINT('',(-0.01235,0.003115,0.005));
#2457=CARTESIAN_POINT('',(-0.01235,0.003115,0.0025));
#2458=CARTESIAN_POINT('',(-0.01185,0.003115,0.0025));
#2459=CARTESIAN_POINT('',(-0.01185,0.003115,0.005));
#2460=CARTESIAN_POINT('',(-0.01185,0.003115,0.005));
#2461=CARTESIAN_POINT('',(-0.01235,0.003115,0.005));
#2462=CARTESIAN_POINT('',(-0.01185,-0.003385,0.005));
#2463=CARTESIAN_POINT('',(-0.01185,-0.003385,0.0025));
#2464=CARTESIAN_POINT('',(-0.01185,-0.009885,0.0025));
#2465=CARTESIAN_POINT('',(-0.01185,-0.009885,0.005));
#2466=CARTESIAN_POINT('',(-0.01185,-0.009885,0.005));
#2467=CARTESIAN_POINT('',(-0.01185,-0.003385,0.005));
#2468=CARTESIAN_POINT('',(-0.01235,-0.009885,0.005));
#2469=CARTESIAN_POINT('',(-0.01235,-0.009885,0.0025));
#2470=CARTESIAN_POINT('',(-0.01235,-0.010385,0.0025));
#2471=CARTESIAN_POINT('',(-0.01235,-0.010385,0.005));
#2472=CARTESIAN_POINT('',(-0.01235,-0.010385,0.005));
#2473=CARTESIAN_POINT('',(-0.01235,-0.009885,0.005));
#2474=CARTESIAN_POINT('',(-0.01885,-0.010385,0.005));
#2475=CARTESIAN_POINT('',(-0.01885,-0.010385,0.0025));
#2476=CARTESIAN_POINT('',(-0.02535,-0.010385,0.0025));
#2477=CARTESIAN_POINT('',(-0.02535,-0.010385,0.005));
#2478=CARTESIAN_POINT('',(-0.02535,-0.010385,0.005));
#2479=CARTESIAN_POINT('',(-0.01885,-0.010385,0.005));
#2480=CARTESIAN_POINT('',(-0.02535,-0.009885,0.005));
#2481=CARTESIAN_POINT('',(-0.02535,-0.009885,0.0025));
#2482=CARTESIAN_POINT('',(-0.02585,-0.009885,0.0025));
#2483=CARTESIAN_POINT('',(-0.02585,-0.009885,0.005));
#2484=CARTESIAN_POINT('',(-0.02585,-0.009885,0.005));
#2485=CARTESIAN_POINT('',(-0.02535,-0.009885,0.005));
#2486=CARTESIAN_POINT('',(0.02015,0.014975,0.005));
#2487=CARTESIAN_POINT('',(0.02015,0.014975,0.0025));
#2488=CARTESIAN_POINT('',(0.0238,0.014975,0.0025));
#2489=CARTESIAN_POINT('',(0.02015,0.014975,0.005));
#2490=CARTESIAN_POINT('',(0.0238,0.014975,0.005));
#2491=CARTESIAN_POINT('',(-0.00905,0.0109,0.005));
#2492=CARTESIAN_POINT('',(-0.00905,0.0109,0.0025));
#2493=CARTESIAN_POINT('',(-0.00905,0.0109,0.005));
#2494=CARTESIAN_POINT('',(0.01225,-0.022435,0.005));
#2495=CARTESIAN_POINT('',(0.01225,-0.022435,0.0025));
#2496=CARTESIAN_POINT('',(0.01225,-0.022435,0.005));
#2497=CARTESIAN_POINT('',(-0.0068,-0.022435,0.005));
#2498=CARTESIAN_POINT('',(-0.0068,-0.022435,0.0025));
#2499=CARTESIAN_POINT('',(-0.0068,-0.022435,0.005));
#2500=CARTESIAN_POINT('',(-0.02585,-0.022435,0.005));
#2501=CARTESIAN_POINT('',(-0.02585,-0.022435,0.0025));
#2502=CARTESIAN_POINT('',(-0.02585,-0.022435,0.005));
#2503=CARTESIAN_POINT('',(0.01225,-0.003385,0.005));
#2504=CARTESIAN_POINT('',(0.01225,-0.003385,0.0025));
#2505=CARTESIAN_POINT('',(0.01225,-0.003385,0.005));
#2506=CARTESIAN_POINT('',(-0.0068,-0.003385,0.005));
#2507=CARTESIAN_POINT('',(-0.0068,-0.003385,0.0025));
#2508=CARTESIAN_POINT('',(-0.0068,-0.003385,0.005));
#2509=CARTESIAN_POINT('',(-0.02585,-0.003385,0.005));
#2510=CARTESIAN_POINT('',(-0.02585,-0.003385,0.0025));
#2511=CARTESIAN_POINT('',(-0.02585,-0.003385,0.005));
#2512=CARTESIAN_POINT('',(0.000199999999999978,-0.0422,0.005));
#2513=CARTESIAN_POINT('',(0.0339,-0.0422,0.005));
#2514=CARTESIAN_POINT('',(0.0339,-0.0422,0.));
#2515=CARTESIAN_POINT('',(0.0339,-0.0422,0.0025));
#2516=CARTESIAN_POINT('',(0.000199999999999978,-0.0422,0.0025));
#2517=CARTESIAN_POINT('',(-0.0335,-0.0422,0.0025));
#2518=CARTESIAN_POINT('',(-0.0335,-0.0422,0.));
#2519=CARTESIAN_POINT('',(-0.0335,-0.0422,0.));
#2520=CARTESIAN_POINT('',(0.000199999999999978,-0.0422,0.));
#2521=CARTESIAN_POINT('',(0.000199999999999964,-0.005,0.005));
#2522=CARTESIAN_POINT('',(0.00019999999999997,-0.0397,0.005));
#2523=CARTESIAN_POINT('',(-0.0335,-0.0397,0.005));
#2524=CARTESIAN_POINT('',(0.0339,-0.0397,0.005));
#2525=CARTESIAN_POINT('',(0.0339,-0.005,0.005));
#2526=CARTESIAN_POINT('',(0.0339,0.0297,0.005));
#2527=CARTESIAN_POINT('',(-0.0335,0.0297,0.005));
#2528=CARTESIAN_POINT('',(-0.0335,0.0297,0.005));
#2529=CARTESIAN_POINT('',(-0.0335,-0.0397,0.005));
#2530=CARTESIAN_POINT('',(0.000199999999999964,-0.005,0.));
#2531=CARTESIAN_POINT('',(0.000199999999999964,-0.035,0.));
#2532=CARTESIAN_POINT('',(0.0292,-0.035,0.));
#2533=CARTESIAN_POINT('',(-0.0288,-0.035,0.));
#2534=CARTESIAN_POINT('',(0.0292,-0.005,0.));
#2535=CARTESIAN_POINT('',(0.0292,0.025,0.));
#2536=CARTESIAN_POINT('',(0.00019999999999995,0.025,0.));
#2537=CARTESIAN_POINT('',(-0.0288,0.025,0.));
#2538=CARTESIAN_POINT('',(-0.0288,-0.005,0.));
#2539=CARTESIAN_POINT('',(-0.032,-0.0382,0.));
#2540=CARTESIAN_POINT('',(-0.0297,-0.0382,0.));
#2541=CARTESIAN_POINT('',(0.0324,-0.0380784161388874,0.));
#2542=CARTESIAN_POINT('',(0.0347,-0.0380784161388874,0.));
#2543=CARTESIAN_POINT('',(0.0324,0.0282,0.));
#2544=CARTESIAN_POINT('',(0.0347,0.0282,0.));
#2545=CARTESIAN_POINT('',(-0.032,0.0282,0.));
#2546=CARTESIAN_POINT('',(-0.0297,0.0282,0.));
#2547=CARTESIAN_POINT('',(0.0339,0.0297,0.));
#2548=CARTESIAN_POINT('',(0.0339,-0.0397,0.));
#2549=CARTESIAN_POINT('',(-0.0335,-0.0397,0.));
#2550=CARTESIAN_POINT('',(-0.0335,0.0297,0.));
#2551=CARTESIAN_POINT('',(0.0339,0.0297,0.005));
#2552=CARTESIAN_POINT('',(0.0339,0.0297,0.0025));
#2553=CARTESIAN_POINT('',(-0.0335,0.0297,0.005));
#2554=CARTESIAN_POINT('',(-0.0335,0.0297,0.0025));
#2555=CARTESIAN_POINT('',(-0.0335,-0.0397,0.005));
#2556=CARTESIAN_POINT('',(-0.0335,-0.0397,0.0025));
#2557=CARTESIAN_POINT('',(0.0339,-0.0397,0.005));
#2558=CARTESIAN_POINT('',(0.0339,-0.0397,0.0025));
#2559=CARTESIAN_POINT('',(-0.0335,0.0297,0.0025));
#2560=CARTESIAN_POINT('',(-0.0335,0.0297,0.0025));
#2561=CARTESIAN_POINT('',(-0.0335,0.0297,0.0025));
#2562=CARTESIAN_POINT('',(-0.0335,-0.005,0.0025));
#2563=CARTESIAN_POINT('',(-0.0335,-0.0397,0.0025));
#2564=CARTESIAN_POINT('',(0.000199999999999958,0.0297,0.0025));
#2565=CARTESIAN_POINT('',(0.0339,0.0297,0.0025));
#2566=CARTESIAN_POINT('',(-0.0335,-0.0397,0.0025));
#2567=CARTESIAN_POINT('',(-0.0335,-0.0397,0.0025));
#2568=CARTESIAN_POINT('',(0.0339,0.0297,0.0025));
#2569=CARTESIAN_POINT('',(0.0339,0.0297,0.0025));
#2570=CARTESIAN_POINT('',(0.000199999999999978,-0.0397,0.0025));
#2571=CARTESIAN_POINT('',(0.0339,-0.0397,0.0025));
#2572=CARTESIAN_POINT('',(0.0339,-0.005,0.0025));
#2573=CARTESIAN_POINT('',(0.0339,-0.0397,0.0025));
#2574=CARTESIAN_POINT('',(0.0339,-0.0397,0.0025));
#2575=CARTESIAN_POINT('',(-0.032,0.0282,0.004));
#2576=CARTESIAN_POINT('',(-0.032,0.0282,0.004));
#2577=CARTESIAN_POINT('',(-0.0297,0.0282,0.004));
#2578=CARTESIAN_POINT('',(0.000199999999999964,-0.005,0.004));
#2579=CARTESIAN_POINT('',(0.0324,0.0282,0.004));
#2580=CARTESIAN_POINT('',(0.0324,0.0282,0.004));
#2581=CARTESIAN_POINT('',(0.0347,0.0282,0.004));
#2582=CARTESIAN_POINT('',(0.000199999999999964,-0.005,0.004));
#2583=CARTESIAN_POINT('',(0.0324,-0.0380784161388874,0.004));
#2584=CARTESIAN_POINT('',(0.0324,-0.0380784161388874,0.004));
#2585=CARTESIAN_POINT('',(0.0347,-0.0380784161388874,0.004));
#2586=CARTESIAN_POINT('',(0.000199999999999964,-0.005,0.004));
#2587=CARTESIAN_POINT('',(-0.032,-0.0382,0.004));
#2588=CARTESIAN_POINT('',(-0.032,-0.0382,0.004));
#2589=CARTESIAN_POINT('',(-0.0297,-0.0382,0.004));
#2590=CARTESIAN_POINT('',(0.000199999999999964,-0.005,0.004));
#2591=CARTESIAN_POINT('',(0.0292,-0.005,0.0025));
#2592=CARTESIAN_POINT('',(0.0292,-0.035,0.0025));
#2593=CARTESIAN_POINT('',(0.0292,-0.035,0.0025));
#2594=CARTESIAN_POINT('',(0.0292,-0.005,0.0025));
#2595=CARTESIAN_POINT('',(0.0292,0.025,0.0025));
#2596=CARTESIAN_POINT('',(0.0292,0.025,0.0025));
#2597=CARTESIAN_POINT('',(0.00019999999999995,0.025,0.0025));
#2598=CARTESIAN_POINT('',(0.00019999999999995,0.025,0.0025));
#2599=CARTESIAN_POINT('',(-0.0288,0.025,0.0025));
#2600=CARTESIAN_POINT('',(-0.0288,0.025,0.0025));
#2601=CARTESIAN_POINT('',(-0.0288,-0.005,0.0025));
#2602=CARTESIAN_POINT('',(-0.0288,-0.005,0.0025));
#2603=CARTESIAN_POINT('',(-0.0288,-0.035,0.0025));
#2604=CARTESIAN_POINT('',(-0.0288,-0.035,0.0025));
#2605=CARTESIAN_POINT('',(0.000199999999999964,-0.035,0.0025));
#2606=CARTESIAN_POINT('',(0.000199999999999964,-0.035,0.0025));
#2607=CARTESIAN_POINT('',(0.000199999999999957,-0.005,0.0025));
#2608=MECHANICAL_DESIGN_GEOMETRIC_PRESENTATION_REPRESENTATION('',(#1539),
#2609);
#2609=(
GEOMETRIC_REPRESENTATION_CONTEXT(3)
GLOBAL_UNCERTAINTY_ASSIGNED_CONTEXT((#2610))
GLOBAL_UNIT_ASSIGNED_CONTEXT((#2613,#2612,#2611))
REPRESENTATION_CONTEXT('Part 1','TOP_LEVEL_ASSEMBLY_PART')
);
#2610=UNCERTAINTY_MEASURE_WITH_UNIT(LENGTH_MEASURE(1.E-8),#2613,
'DISTANCE_ACCURACY_VALUE','Maximum Tolerance applied to model');
#2611=(
NAMED_UNIT(*)
SI_UNIT($,.STERADIAN.)
SOLID_ANGLE_UNIT()
);
#2612=(
NAMED_UNIT(*)
PLANE_ANGLE_UNIT()
SI_UNIT($,.RADIAN.)
);
#2613=(
LENGTH_UNIT()
NAMED_UNIT(*)
SI_UNIT($,.METRE.)
);
#2614=PRODUCT_DEFINITION_SHAPE('','',#2615);
#2615=PRODUCT_DEFINITION('','',#2617,#2616);
#2616=PRODUCT_DEFINITION_CONTEXT('',#2623,'design');
#2617=PRODUCT_DEFINITION_FORMATION_WITH_SPECIFIED_SOURCE('','',#2619,
 .NOT_KNOWN.);
#2618=PRODUCT_RELATED_PRODUCT_CATEGORY('','',(#2619));
#2619=PRODUCT('Part 1','Part 1','Part 1',(#2621));
#2620=PRODUCT_CATEGORY('','');
#2621=PRODUCT_CONTEXT('',#2623,'mechanical');
#2622=APPLICATION_PROTOCOL_DEFINITION('international standard',
'ap242_managed_model_based_3d_engineering',2020,#2623);
#2623=APPLICATION_CONTEXT('managed model based 3d engineering');
ENDSEC;
END-ISO-10303-21;
